"id","title","title_jp","slug","summary","summary_jp","description","description_jp","meta_title","meta_description","meta_keyword","photo","stock","size","condition","status","price","price_jp","price_hk","discount","is_featured","extra_description","extra_description_jp","cat_id","child_cat_id","brand_id","duration","skill_level","skill_level_jp","lectures","language","language_jp","created_at","updated_at"
"1","Introduction to Stock Market","株式市場入門","intro-to-stock-market","The stock market is a platform where shares of publicly listed companies are bought and sold. It allows investors to gain partial ownership in companies and potentially earn returns through price appreciation or dividends. It plays a crucial role in a country’s economy by helping businesses raise capital. Investors include individuals, institutions, and governments. Beginners must understand how stocks work, types of market participants (buyers/sellers), and trading hours. The two main types of markets are primary and secondary markets. Companies first issue shares in the primary market through IPOs and later trade in the secondary market. Key benefits of investing in stocks include liquidity, flexibility, and long-term wealth creation. However, risks like price fluctuations and market volatility exist. Learning basic concepts, setting goals, and using trusted platforms are essential before starting. Stock market investing requires discipline, continuous learning, and risk management. Beginners should start small, stay informed, and avoid emotional decisions.","株式市場は、上場企業の株式が売買されるプラットフォームです。 これにより、投資家は企業の部分的な所有権を獲得し、価格上昇や配当を通じて潜在的に利益を得ることができます。 企業が資本を調達するのを助けることによって、国の経済において重要な役割を果たしています。 投資家には、個人、機関、政府が含まれます。 初心者は、株式がどのように機能するか、市場参加者の種類（買い手/売り手）、および取引時間を理解する必要があります。 市場の2つの主要なタイプは、一次市場と二次市場です。 企業は最初にIpoを通じて主要市場で株式を発行し、後に流通市場で取引します。 株式への投資の主な利点は、流動性、柔軟性、および長期的な富の創造が含まれます。 しかし、価格変動や市場のボラティリティなどのリスクが存在します。 始める前に、基本的な概念を学び、目標を設定し、信頼できるプラットフォームを使用することが不可欠です。 株式市場の投資には、規律、継続的な学習、およびリスク管理が必要です。 初心者は小さく始め、情報を得て、感情的な決定を避けるべきです。","The stock market is a platform where buyers and sellers trade shares of publicly listed companies. It serves as a crucial part of the financial system, enabling companies to raise capital for expansion and providing investors opportunities to grow wealth. The stock market operates through exchanges such as the NSE and BSE in India, where companies list their shares. Investors buy shares based on their analysis or recommendations with the hope of capital appreciation or dividends. The market is influenced by multiple factors, including economic indicators, global events, company performance, and investor sentiment. There are two main types of participants: retail investors (individuals) and institutional investors (mutual funds, insurance companies, etc.). Understanding how the market works, the types of orders, and how price movements occur is fundamental for beginners. This course section introduces key concepts, explains why the market exists, and discusses how it impacts economic growth. You will also learn how to open a demat and trading account, the role of stockbrokers, and essential terminology. By the end, you'll have a foundational understanding of how the stock market operates and why millions engage in stock trading every day.","株式市場は、買い手と売り手が上場企業の株式を取引するプラットフォームです。 それは金融システムの重要な部分として機能し、企業が拡大のための資本を調達し、投資家に富を成長させる機会を提供することを可能にします。 株式市場は、企業が株式を上場しているインドのNSEやBSEなどの取引所を通じて運営されています。 投資家は、資本増価または配当を期待して、分析または推奨事項に基づいて株式を購入します。 市場は、経済指標、世界的な出来事、企業の業績、投資家心理など、複数の要因によって影響を受けます。 参加者には、個人投資家（個人）と機関投資家（投資信託、保険会社など）の2つの主要なタイプがあります。). 市場がどのように機能するか、注文の種類、および価格の動きがどのように発生するかを理解することは、初心者にとって基本的です。 このコースでは、主要な概念を紹介し、市場が存在する理由を説明し、それが経済成長にどのように影響するかを説明します。 また、dematと取引口座、株式仲買人の役割、および本質的な用語を開く方法を学びます。 最後に、あなたは株式市場がどのように動作し、なぜ何百万人もの株式取引に毎日従事するかの基礎的な理解を持っています。","Stock Market Basics for Beginners","Learn the fundamentals of the stock market, how it works, and why it matters for investors.","stock market introduction, investing basics, stock market guide",,"1","999999","default","active","20.00","3300.00","157.00","0.00",NULL,NULL,NULL,"1",NULL,NULL,"10","Beginner to Intermediate","初心者から中級者まで","72","A","A",NULL,NULL
"2","Types of Financial Markets","金融市場の種類","types-of-financial-markets","Financial markets are platforms that allow buying and selling of financial assets such as stocks, bonds, currencies, and derivatives. They play a critical role in the economy by facilitating capital formation and liquidity. There are four main types: (1) Stock Market – for equity trading, (2) Bond Market – where debt instruments are traded, (3) Forex Market – for currency exchange, and (4) Derivatives Market – involving futures and options contracts. Each market serves a unique purpose. The capital market deals with long-term investments, while the money market handles short-term funds. Additionally, commodity markets allow trading in gold, oil, and other physical assets. Understanding these markets helps investors diversify their portfolios and manage risks better. Regulatory bodies like SEBI (India), SEC (USA), and FCA (UK) ensure transparency and investor protection. Knowledge of financial markets is essential for investors, traders, and anyone seeking to understand economic systems.","金融市場は、株式、債券、通貨、デリバティブなどの金融資産の売買を可能にするプラットフォームです。 彼らは資本形成と流動性を促進することによって経済において重要な役割を果たしています。 (1)株式市場–株式取引のための、(2)債券市場–債務商品が取引されている、(3)外国為替市場–為替取引のための、および(4)デリバティブ市場–先物およびオプショ 各市場は、独自の目的を果たしています。 資本市場は長期的な投資を扱い、短期的な資金は短期的な資金を扱います。 さらに、商品市場では、金、石油、およびその他の物理的資産の取引が可能です。 これらの市場を理解することは、投資家がポートフォリオを多様化し、リスクをより良く管理するのに役立ちます。 SEBI（インド）、SEC（米国）、FCA（英国）などの規制機関は、透明性と投資家保護を確保しています。 金融市場の知識は、投資家、トレーダー、および経済システムを理解しようとしている人にとって不可欠です。","Financial markets are broad platforms where financial instruments are traded. They play a vital role in mobilizing savings and allocating resources efficiently. The main types include capital markets, money markets, derivatives markets, and forex markets. The capital market deals with long-term investments like stocks and bonds. Within this, the primary market enables companies to raise funds through IPOs, while the secondary market allows existing securities to be traded among investors. Money markets deal with short-term borrowing and lending, typically under a year, involving instruments like Treasury bills and commercial paper. The derivatives market allows trading of contracts like futures and options, providing risk management tools for investors. The forex market facilitates currency exchange and is the most liquid market globally. Each market serves a specific purpose and attracts different types of participants. This section explains how these markets function, who participates in them, and how they are interlinked. Understanding their differences helps investors choose where to allocate funds based on goals and risk appetite.","金融市場は、金融商品が取引される幅広いプラットフォームです。 それらは節約を動員し、資源を効率的に割振ることの重大な役割を担う。 主なタイプには、資本市場、短期金融市場、デリバティブ市場、および外国為替市場が含まれます。 資本市場は、株式や債券などの長期的な投資を扱っています。 この中で、主要市場は企業がIpoを通じて資金を調達することを可能にし、流通市場は既存の有価証券を投資家間で取引することを可能にする。 短期金融市場は、短期的な借入と貸出を扱います,典型的には年の下で,財務省手形やコマーシャルペーパーのような楽器を含みます. デリバティブ市場は、先物やオプションなどの契約の取引を可能にし、投資家のためのリスク管理ツールを提供します。 外国為替市場は通貨交換を容易にし、世界的に最も流動性の高い市場です。 各市場は、特定の目的を果たし、参加者の異なるタイプを魅了しています。 このセクションでは、これらの市場がどのように機能し、誰が市場に参加し、どのように相互にリンクされているかを説明します。 それらの違いを理解することは、投資家が目標とリスク選好度に基づいて資金を配分する場所を選択するのに役立ちます。","Different Types of Financial Markets Explained","Explore the key types of financial markets: capital, money, derivatives, and forex markets.","types of markets, capital market, financial markets",,"1","999999","default","active","22.00","3630.00","172.70","0.00",NULL,NULL,NULL,"1",NULL,NULL,"6","Beginner","ビギナー","48","A","A",NULL,NULL
"3","How Stock Exchanges Work","証券取引所の仕組み","how-stock-exchanges-work","A stock exchange is an organized marketplace where securities such as stocks and bonds are bought and sold. It provides a secure and regulated environment for trading, ensuring transparency and fairness. In India, NSE and BSE are the two main stock exchanges. Companies list their shares through an IPO and once listed, the shares are traded in the secondary market. Trading happens electronically where buyers place “buy orders” and sellers place “sell orders.” When prices match, the trade is executed. Exchanges maintain order books, track transactions, and ensure compliance. They also monitor price movements and impose circuit breakers to avoid extreme volatility. Brokers serve as intermediaries, executing trades on behalf of investors. Clearing corporations handle settlement of trades by transferring shares and funds. Understanding how exchanges work is crucial for informed investing. They act as the backbone of the financial market, promoting liquidity, trust, and economic growth through capital mobilization.","証券取引所は、株式や債券などの有価証券が売買される組織化された市場です。 これは、取引のための安全で規制された環境を提供し、透明性と公平性を確保します。 インドでは、NSEとBSEが2つの主要な証券取引所です。 企業はIPOを通じて株式を上場し、一度上場すると、株式は流通市場で取引されます。 取引は、買い手が""買い注文""を置き、売り手が""売り注文""を置く電子的に行われます。""価格が一致すると、取引が実行されます。 取引所は、注文書を維持し、取引を追跡し、コンプライアンスを確保します。 彼らはまた、価格の動きを監視し、極端なボラティリティを避けるためにサーキットブレーカーを課します。 ブローカーは仲介者として機能し、投資家に代わって取引を実行します。 清算企業は、株式や資金を転送することにより、取引の決済を処理します。 取引所がどのように機能するかを理解することは、情報に基づいた投資 これらは、金融市場のバックボーンとして機能し、資本動員を通じて流動性、信頼、経済成長を促進します。","Stock exchanges are centralized platforms that facilitate the buying and selling of securities like stocks and bonds. In India, the two primary exchanges are the Bombay Stock Exchange (BSE) and the National Stock Exchange (NSE). Exchanges ensure transparency, liquidity, and fair pricing by matching buy and sell orders using electronic systems. When a company decides to go public, it lists its shares on an exchange through an IPO. Once listed, shares are freely traded among investors. Every trade occurs through a network of brokers who are registered members of the exchange. Each transaction is settled via a clearing house that ensures the transfer of funds and securities. Exchanges also play a regulatory role by ensuring that listed companies follow disclosure norms and investors are protected. Price discovery on exchanges is driven by demand and supply dynamics. Real-time trading data, market depth, and historical charts help traders make informed decisions. This module explains how trades are executed, what role exchanges play in market regulation, and how technology has transformed trading from physical floors to online platforms. It’s crucial for beginners to understand how exchanges operate to navigate the stock market confidently.","証券取引所は、株式や債券などの証券の売買を容易にする集中型プラットフォームです。 インドでは、2つの主要な取引所はボンベイ証券取引所（BSE）と国立証券取引所（NSE）です。 取引所は、電子システムを使用して売買注文を照合することにより、透明性、流動性、および公正な価格設定を保証します。 会社が公開することを決定したとき、それはIPOを通じて取引所にその株式をリストします。 上場すると、株式は投資家の間で自由に取引されます。 すべての取引は、取引所の登録メンバーであるブローカーのネットワークを介して行われます。 各取引は、資金と有価証券の移転を確実にする清算機関を介して決済されます。 取引所はまた、上場企業が開示規範に従い、投資家が保護されるようにすることにより、規制上の役割を果たします。 取引所での価格発見は、需要と供給のダイナミクスによって駆動されます。 リアルタイムの取引データ、市場の深さ、履歴チャートは、トレーダーが情報に基づいた意思決定を行うのに役立ちます。 このモジュールでは、取引がどのように実行されるか、取引所が市場規制においてどのような役割を果たしているか、技術が取引を物理的なフロアからオ 初心者にとっては、株式市場を自信を持ってナビゲートするために取引所がどのように動作するかを理解することが重要です。","How Do Stock Exchanges Function?","Understand how stock exchanges operate, trade execution, and listing mechanisms.","stock exchange, trading process, exchange mechanism",,"1","999999","default","active","24.00","3960.00","188.40","0.00",NULL,NULL,NULL,"1",NULL,NULL,"8","Intermediate","中級","60","A","A",NULL,NULL
"4","Understanding IPOs","IPOを理解する","understanding-ipos","An Initial Public Offering (IPO) is the process through which a private company offers its shares to the public for the first time. This allows the company to raise capital from a large number of investors. IPOs are issued in the primary market, and once listed, shares are traded in the secondary market. Companies opt for IPOs to fund expansion, reduce debt, or gain public visibility. Investors can apply for IPOs through brokers using UPI or ASBA. The IPO process includes filing with SEBI, price band declaration, and allocation of shares. IPOs are either fixed price or book-building issues. Investing in IPOs can be rewarding, but involves risk due to limited historical data. Not all IPOs succeed post-listing. It’s essential to read the red herring prospectus (RHP) before applying. Understanding the business model, valuation, and market sentiment helps make informed IPO investments. Patience, research, and timing are key.","新規株式公開（IPO）は、民間企業が初めて株式を一般に公開するプロセスです。 これにより、同社は多数の投資家から資本を調達することができます。 IPOは主要市場で発行され、一度上場されると、株式は流通市場で取引されます。 企業は、拡張に資金を供給したり、債務を削減したり、公共の可視性を得るためにIpoを選択します。 投資家は、upiまたはASBAを使用してブローカーを通じてIpoを申請できます。 IPOプロセスには、SEBIへの提出、価格帯宣言、および株式の割り当てが含まれます。 Ipoは、固定価格またはブックビルディングの問題のいずれかです。 Ipoへの投資はやりがいがありますが、履歴データが限られているためリスクが伴います。 すべてのIpoが上場後に成功するわけではありません。 申請する前に、red herring目論見書（RHP）を読むことが不可欠です。 ビジネスモデル、評価、および市場のセンチメントを理解することは、情報に基づいたIPO投資を行うのに役立ちます。 忍耐、研究、タイミングが鍵となります。","An Initial Public Offering (IPO) is the process through which a private company offers its shares to the public for the first time. It marks the transition from a privately held entity to a publicly traded company. Companies opt for IPOs to raise capital for expansion, reduce debt, or enhance their public profile. The IPO process involves appointing investment bankers, filing a draft red herring prospectus (DRHP) with SEBI, getting approvals, and marketing the offer. Investors can apply for IPO shares through ASBA-enabled bank accounts or online platforms. The shares are allotted based on demand and availability, and listed on stock exchanges post-allotment. IPOs are classified as fixed price or book-building offers. Understanding fundamentals like price bands, lot size, and grey market premiums helps investors make informed decisions. While IPOs can offer strong listing gains, they also carry risks if the company is overvalued or lacks strong financials. This section explores the entire IPO lifecycle—from planning and pricing to listing and performance analysis. It also touches upon regulatory aspects and recent trends in the Indian IPO space. For beginners, it demystifies IPO participation and helps build confidence to invest in upcoming public offerings.","新規株式公開（IPO）は、民間企業が初めて株式を一般に公開するプロセスです。 これは、非公開企業から上場企業への移行を示しています。 企業は、拡張のために資本を調達したり、債務を削減したり、公的プロファイルを強化したりするためにIpoを選択します。 IPOプロセスには、投資銀行を任命し、SEBIにレッドヘリング目論見書（DRHP）の草案を提出し、承認を得て、オファーをマーケティングすることが含まれます。 投資家は、ASBA対応の銀行口座またはオンラインプラットフォームを通じてIPO株式を申請することができます。 株式は、需要と可用性に基づいて割り当てられ、割当後の証券取引所に上場されています。 IPOは、固定価格またはブックビルディングのオファーとして分類されます。 価格帯、ロットサイズ、グレーマーケットプレミアムなどの基礎を理解することは、投資家が情報に基づいた意思決定を行うのに役立ちます。 Ipoは強力な上場利益を提供することができますが、会社が過大評価されているか、強力な財務を欠いている場合、彼らはまた、リスクを運びます。 このセクションでは、計画と価格設定から上場とパフォーマンス分析に至るまで、IPOのライフサイクル全体を探ります。 また、インドのIPOスペースの規制面と最近の傾向にも触れています。 初心者のために、それはIPOの参加を分かりやすく説明し、今後の公募に投資する自信を構築するのに役立ちます。","What is an IPO? Process & Benefits","Discover how companies go public and what investors should know about IPO investing.","IPO process, initial public offering, IPO investment",,"1","999999","default","active","26.00","4290.00","204.10","0.00",NULL,NULL,NULL,"1",NULL,NULL,"6","Beginner","ビギナー","44","A","A",NULL,NULL
"5","Common Investment Terms","一般的な投資用語","common-investment-terms","Understanding basic investment terms is essential for making informed financial decisions. Key terms include Equity (ownership in a company), Dividend (profit share paid to shareholders), and IPO (Initial Public Offering). Market Capitalization categorizes companies as small-cap, mid-cap, or large-cap based on their total value. Bull Market indicates rising prices, while Bear Market signals declining prices. P/E Ratio shows how expensive a stock is relative to earnings. Volatility refers to price fluctuations, and Liquidity shows how easily assets can be converted to cash. Portfolio is the collection of all investments, and Diversification reduces risk by investing in different assets. Blue-chip stocks are large, stable companies. Stop loss is a risk-control tool. Knowing these terms builds investor confidence, improves communication with advisors, and supports better decision-making. Regular learning and application of these terms are crucial for success in the stock market. Mastery of these basics leads to smarter investing strategies.","基本的な投資条件を理解することは、情報に基づいた財務上の意思決定を行うために不可欠です。 主な用語には、株式（会社の所有権）、配当（株主に支払われる利益シェア）、およびIPO（新規株式公開）が含まれます。 時価総額は、その合計値に基づいて、小キャップ、中キャップ、または大キャップとして企業を分類します。 強気市場は価格の上昇を示し、弱気市場は価格の下落を示します。 P/E比は、株式が収益に比べてどのように高価であるかを示しています。 ボラティリティとは価格の変動を指し、流動性は資産を現金にいかに簡単に変換できるかを示します。 ポートフォリオはすべての投資の集まりであり、多様化はさまざまな資産に投資することによってリスクを軽減します。 優良株は大規模で安定した企業です。 ストップロスはリスク管理ツールです。 これらの用語を知ることは、投資家の信頼を構築し、顧問とのコミュニケーションを改善し、より良い意思決定を支援します。 定期的な学習とこれらの用語の適用は、株式市場での成功のために重要です。 これらの基本の習得は、よりスマートな投資戦略につながります。","Investing in the stock market requires understanding key financial terms that frequently appear in analysis, news, and reports. Terms like equity, debt, market cap, P/E ratio, dividend yield, ROI, CAGR, and NAV are foundational to interpreting market data and making informed decisions. For example, ""market cap"" helps categorize companies into large-cap, mid-cap, or small-cap, while the ""P/E ratio"" compares a company's current share price to its earnings per share. ""Dividend"" refers to the portion of profits distributed to shareholders, while ""ROI"" measures investment returns. ""CAGR"" reflects the annual growth rate of an investment over a specific period. Additionally, terms like ""bull market,"" ""bear market,"" ""volatility,"" and ""liquidity"" help investors understand market behavior and trends. This section breaks down 50+ essential terms with practical examples, making them easy to grasp even for those with no financial background. By mastering this terminology, learners will be better equipped to read financial news, understand analyst reports, and converse confidently in investment discussions.","株式市場への投資は、頻繁に分析、ニュース、およびレポートに表示される主要な財務用語を理解する必要があります。 株式、負債、時価総額、P/E比率、配当利回り、ROI、CAGR、およびNAVのような用語は、市場データを解釈し、情報に基づいた意思決定を行うための基礎となります。 たとえば、「時価総額」は、企業を大型、中型、または小型に分類するのに役立ちますが、「P/E比率」は、企業の現在の株価と1株あたりの利益を比較します。 ""配当""は株主に分配される利益の部分を指し、""ROI""は投資リターンを測定します。 ""CAGR""は、特定の期間にわたる投資の年間成長率を反映しています。 さらに、「強気市場」、「弱気市場」、「ボラティリティ」、「流動性」などの用語は、投資家が市場の行動や傾向を理解するのに役立ちます。 このセクションでは、50以上の本質的な用語を実用的な例で分解し、財務的背景を持たない人でも把握しやすくしています。 この用語を習得することで、学習者は金融ニュースを読み、アナリストレポートを理解し、投資議論で自信を持って会話することができます。","Essential Investment Terms Explained","Learn common financial and investment terms every trader and investor must know.","investment glossary, financial terms, investing basics",,"1","999999","default","active","28.00","4620.00","219.80","0.00",NULL,NULL,NULL,"1",NULL,NULL,"5","Beginner","ビギナー","36","A","A",NULL,NULL
"6","Role of SEBI and Regulations","SEBIの役割と規制","role-of-sebi-and-regulations","SEBI (Securities and Exchange Board of India) is the regulatory body for India’s securities market. It was established in 1992 to protect investors, develop the securities market, and ensure fair practices. SEBI regulates brokers, stock exchanges, mutual funds, portfolio managers, and listed companies. It ensures transparency in IPOs, monitors insider trading, and enforces compliance with disclosure norms. SEBI's powers include imposing penalties, investigating fraud, and guiding financial literacy. It plays a crucial role in maintaining investor confidence and market integrity. Regular circulars, updates, and investor awareness campaigns are part of its initiatives. SEBI also approves regulations for mutual funds, ETFs, and derivative trading. For retail investors, SEBI ensures that platforms follow KYC norms and risk disclosures. Without SEBI, markets would lack credibility and structure. Understanding SEBI’s role helps investors recognize the importance of regulated practices. It acts as a watchdog for fair trade and protects the interests of the investing public.","SEBI（Securities And Exchange Board Of India）は、インドの証券市場の規制機関です。 これは、投資家を保護し、証券市場を発展させ、公正な慣行を確保するために1992年に設立されました。 SEBIは仲介商、証券取引所、投資信託、有価証券のマネージャーおよびリストされていた会社を調整する。 これは、Ipoの透明性を確保し、インサイダー取引を監視し、開示規範の遵守を強制します。 SEBIの権限には、罰則の課すこと、詐欺の調査、金融リテラシーの指導が含まれます。 これは、投資家の信頼と市場の整合性を維持する上で重要な役割を果たしています。 定期的な回覧、更新、および投資家の意識向上キャンペーンは、その取り組みの一部です。 SEBIはまた、投資信託、Etfの、およびデリバティブ取引のための規制を承認します。 個人投資家のために、SEBIはプラットフォームがKYCの規範とリスク開示に従うことを保証します。 SEBIがなければ、市場は信頼性と構造を欠いているでしょう。 SEBIの役割を理解することは、投資家が規制された慣行の重要性を認識するのに役立ちます。 それは公正な貿易のための番犬として機能し、投資の公衆の利益を保護します。","The Securities and Exchange Board of India (SEBI) is the regulatory body for the securities market in India. It was established to protect investor interests, develop the market, and ensure fair practices. SEBI oversees stock exchanges, brokers, mutual funds, and listed companies. Its core functions include regulating insider trading, ensuring proper disclosures, and investigating frauds. SEBI mandates companies to publish quarterly results, disclose shareholding patterns, and follow corporate governance norms. It also regulates IPOs, takeover bids, and mutual fund operations. SEBI introduces guidelines to increase transparency—for example, requiring margin money to prevent speculation. It also runs investor education programs to promote financial literacy. Through circulars, press releases, and policy updates, SEBI regularly updates market rules. This module explains SEBI’s structure, powers, and major regulations impacting traders and investors. Understanding SEBI’s role is essential for anyone entering the stock market, as it ensures that participants operate in a safe, fair, and efficient environment.","インド証券取引委員会（SEBI：Securities And Exchange Board of India）は、インドの証券市場の規制機関です。 これは、投資家の利益を保護し、市場を開発し、公正な慣行を確保するために設立されました。 SEBIは、証券取引所、ブローカー、投資信託、上場企業を監督しています。 その中核的な機能には、インサイダー取引の規制、適切な開示の確保、詐欺の調査が含まれます。 SEBIは、四半期ごとの結果を公表し、株式保有パターンを開示し、コーポレートガバナンスの規範に従うことを企業に義務付けています。 また、Ipo、買収入札、および投資信託の運営を規制しています。 SEBIは、投機を防ぐために証拠金を必要とするなど、透明性を高めるためのガイドラインを導入しています。 また、金融リテラシーを促進するための投資家教育プログラムも運営しています。 回覧、プレスリリース、およびポリシーの更新を通じて、SEBIは定期的に市場ルールを更新します。 このモジュールでは、トレーダーや投資家に影響を与えるSEBIの構造、権限、主要な規制について説明します。 SEBIの役割を理解することは、参加者が安全で公正で効率的な環境で運営されることを保証するため、株式市場に参入するすべての人にとって不可欠","SEBI’s Role in Stock Market Regulation","Understand how SEBI regulates the Indian securities market to protect investors.","SEBI, stock market regulation, market rules",,"1","999999","default","active","30.00","4950.00","235.50","0.00",NULL,NULL,NULL,"1",NULL,NULL,"7","Intermediate","中級","52","A","A",NULL,NULL
"7","Risk vs Return Fundamentals","リスク対リターンのファンダメンタルズ","risk-vs-return-fundamentals","Every investment carries some degree of risk and offers a potential return. Understanding the balance between risk (chance of loss) and return (profit earned) is crucial for investors. High-return investments often carry higher risks, while safer assets like fixed deposits offer lower returns. Risk tolerance varies by individual based on age, income, and goals. Stocks are generally riskier but may yield high returns over time. Bonds offer stable but lower returns. Diversification helps reduce risk by spreading investments across asset classes. Volatility impacts short-term performance but long-term investments can outperform inflation. Calculating risk-adjusted returns (e.g., Sharpe Ratio) helps assess the quality of an investment. Market, business, inflation, and interest rate risks are common types. Understanding these helps investors make informed decisions, set realistic expectations, and avoid panic during downturns. A balanced portfolio aligned with one’s financial goals and risk appetite is the foundation of successful investing.","あらゆる投資は危険のある程度を運び、潜在的なリターンを提供する。 リスク（損失の可能性）とリターン（得られた利益）のバランスを理解することは、投資家にとって非常に重要です。 ハイリターンの投資は、多くの場合、より高いリスクを伴いますが、固定預金のようなより安全な資産は、より低いリターンを提供します。 リスク許容度は、年齢、収入、および目標に基づいて個人によって異なります。 株式は一般的にリスクが高いですが、時間をかけて高いリターンをもたらす可能性があります。 債券は安定していますが、より低いリターンを提供します。 多様化は、資産クラス全体に投資を分散させることにより、リスクを軽減するのに役立ちます。 ボラティリティは短期的なパフォーマンスに影響を与えますが、長期的な投資はインフレを上回る可能性があります。 リスク調整後リターン（シャープ比など）の計算は、投資の質を評価するのに役立ちます。 市場、ビジネス、インフレ、および金利リスクは一般的なタイプです。 これらを理解することは、投資家が情報に基づいた意思決定を行い、現実的な期待を設定し、景気後退時のパニックを回避するのに役立ちます。 財務目標とリスクアペタイトに沿ったバランスの取れたポートフォリオは、成功した投資の基礎です。","Every investment comes with a trade-off between risk and return. High-return opportunities often carry higher risks, while safer investments typically offer lower returns. Understanding this balance is crucial for building a profitable yet sustainable portfolio. Risk refers to the possibility of losing some or all of your investment. It can be systematic (market risk) or unsystematic (company-specific). Return is the gain you earn from your investment, through capital appreciation or income like dividends. Tools like standard deviation, beta, and Sharpe ratio help quantify risk. This section teaches how to assess your personal risk appetite, differentiate between types of risks (credit risk, interest rate risk, etc.), and select investment products accordingly. It also covers diversification—spreading investments across different assets—to reduce risk. By the end of this lesson, learners will understand how to balance their portfolio, evaluate potential gains against possible losses, and make decisions based on time horizon, goals, and comfort with market fluctuations.","すべての投資には、リスクとリターンのトレードオフがあります。 ハイリターンの機会はしばしばより高いリスクを伴いますが、より安全な投資は通常より低いリターンを提供します。 このバランスを理解することは、収益性がありながら持続可能なポートフォリオを構築するために重要です。 リスクとは、投資の一部またはすべてを失う可能性を指します。 これは、体系的（市場リスク）または非体系的（企業固有）である可能性があります。 リターンはあなたが配当のような資本の感謝か収入によってあなたの投資から、得る利益である。 標準偏差、ベータ、シャープ比などのツールは、リスクを定量化するのに役立ちます。 このセクションでは、リスクの種類（信用リスク、金利リスクなど）を区別し、あなたの個人的なリスク選好度を評価する方法を教えています。）、およびそれに応じて投資商品を選択します。 また、リスクを軽減するために、さまざまな資産に投資を分散させる多様化もカバーしています。 このレッスンの終わりまでに、学習者はポートフォリオのバランスをとり、潜在的な利益と可能性のある損失を評価し、時間軸、目標、および市場の変動に","Risk and Return Explained for Investors","Learn the relationship between investment risk and return to make informed decisions.","risk vs return, investing principles, financial risk",,"1","999999","default","active","32.00","5280.00","251.20","0.00",NULL,NULL,NULL,"1",NULL,NULL,"8","Intermediate","中級","58","A","A",NULL,NULL
"8","FAQs for First-Time Investors","初めての投資家のためのよくある質問","faqs-first-time-investors","First-time investors often have many questions when entering the stock market. Common FAQs include: “How do I start investing?”, “What is a Demat account?”, “Is stock trading risky?”, and “How much money should I begin with?” A Demat and trading account are required to buy and sell stocks. It's advisable to start with blue-chip stocks and avoid intraday trading initially. Research, patience, and long-term focus are key. Use verified brokers and avoid rumors or tips. Know the difference between trading (short-term) and investing (long-term). Diversification and setting stop-losses help manage risk. Learn basic terms, read company reports, and track your portfolio regularly. Avoid emotional decisions during market ups and downs. Many new investors lose money by chasing “hot stocks” or acting on fear. Staying disciplined and continuously learning are essential. Following a financial goal-based approach makes investing safer and more meaningful for beginners.","初めての投資家は、株式市場に参入する際に多くの質問をすることがよくあります。 一般的なFaqには、""どのように投資を開始するのですか？""、""Dematアカウントとは何ですか？""、""株式取引は危険ですか？」、そして「どのくらいのお金から始めるべきですか？""株式を売買するには、Dematと取引口座が必要です。 優良株から始めて、最初は日中の取引を避けることをお勧めします。 研究、忍耐、そして長期的な焦点が重要です。 検証済みのブローカーを使用し、噂やヒントを避けてください。 取引（短期）と投資（長期）の違いを知っています。 多様化とストップロスの設定は、リスクを管理するのに役立ちます。 基本的な用語を学び、会社のレポートを読み、定期的にポートフォリオを追跡します。 市場の浮き沈みの間に感情的な決定を避けなさい。 多くの新しい投資家は、「熱い株」を追いかけたり、恐怖に基づいて行動したりすることでお金を失います。 規律を維持し、継続的に学習することが不可欠です。 財務目標に基づいたアプローチに従うことで、初心者にとってより安全で有意義な投資が可能になります。","First-time investors often face confusion and hesitation when entering the stock market. Common questions include: How do I start investing? What are the risks? How much should I invest initially? Should I go for mutual funds or direct stocks? This module addresses such queries in a structured FAQ format. Topics include opening a demat account, selecting a broker, understanding charges (brokerage, STT, etc.), reading stock tickers, using mobile apps, and avoiding common beginner mistakes. It also discusses goal-based investing, setting realistic expectations, and the importance of patience. Myths like “stock market is gambling” or “you need a lot of money to start” are clarified. Security tips to avoid fraud, as well as advice on keeping emotions in check, are included. By answering the most frequently asked questions, this section prepares new investors to take their first confident step into equity markets. It aims to simplify and demystify the investment journey.","初めての投資家は、株式市場に参入する際に混乱とためらいに直面することがよくあります。 一般的な質問が含まれます：どのように私は投資を開始するのですか？ リスクは何ですか？ 私は最初にどのくらい投資すべきですか？ 私は投資信託や直接株式のために行く必要がありますか？ このモジュールは、構造化されたFAQ形式でそのようなクエリに対処します。 トピックには、dematアカウントの開設、ブローカーの選択、料金の理解（仲介、STTなど）が含まれます。）、株式ティッカーを読んで、モバイルアプリを使用して、一般的な初心者の間違いを避けます。 また、目標ベースの投資、現実的な期待の設定、および忍耐の重要性についても説明します。 「株式市場はギャンブルです」や「始めるにはたくさんのお金が必要です」などの神話が明らかにされています。 詐欺を避けるためのセキュリティのヒントだけでなく、チェックで感情を維持する上でのアドバイスが含まれています。 最もよくある質問に答えることで、このセクションでは、株式市場に彼らの最初の自信を持って一歩を踏み出すために新しい投資家を準備します。 これは、投資の旅を簡素化し、分かりやすくすることを目指しています。","FAQs for Beginner Investors","Find answers to the most common questions by new investors in the stock market.","beginner investor FAQ, stock market tips, investment guide",,"1","999999","default","active","34.00","5610.00","266.90","0.00",NULL,NULL,NULL,"1",NULL,NULL,"9","Intermediate","中級","64","A","A",NULL,NULL
"9","Chart Patterns Explained","チャートパターンの説明","chart-patterns-explained","Chart patterns are visual formations on stock price charts that help traders predict future price movements. They are a key tool in technical analysis. Patterns are broadly categorized into continuation, reversal, and bilateral types. Common chart patterns include Head and Shoulders, Double Top/Bottom, Triangles, Flags, and Pennants. These patterns indicate potential trend directions or reversals. For example, a “Head and Shoulders” often signals a trend reversal from bullish to bearish. Patterns are formed due to market psychology and price action. They work best when combined with volume analysis and indicators. Recognizing chart patterns improves entry and exit timing. It is essential to confirm the pattern with supporting evidence before acting. Misinterpretation can lead to losses. Beginners should start with basic patterns and practice using historical charts. Understanding chart patterns enables more confident and data-driven trading decisions, especially when used with a disciplined approach and proper risk management.","チャートパターンは、トレーダーが将来の価格の動きを予測するのに役立つ株価チャート上の視覚的な形成です。 彼らは技術的な分析の重要なツールです。 パターンは、継続型、反転型、および両側型に大きく分類されます。 一般的なチャートパターンには、頭と肩、ダブルトップ/ボトム、三角形、旗、ペナントが含まれます。 これらのパターンは、潜在的な傾向の方向または反転を示します。 たとえば、「頭と肩」は、強気から弱気へのトレンドの逆転を示すことがよくあります。 パターンは、市場心理学と価格行動のために形成されます。 それらは容積の分析および表示器と結合されたとき最もよく働く。 チャートパターンを認識することで、入退室のタイミングが改善されます。 行動する前に、証拠を支持してパターンを確認することが不可欠です。 誤解は損失につながる可能性があります。 初心者は、基本的なパターンから始めて、歴史的なチャートを使用して練習する必要があります。 チャートパターンを理解することで、特に規律あるアプローチと適切なリスク管理で使用される場合、より自信を持ってデータ駆動型の取引意思決定が可能になります。","Chart patterns are graphical representations of price movements that help traders predict future market behavior. These patterns are categorized into reversal and continuation patterns. Reversal patterns signal a change in trend, while continuation patterns suggest the trend will persist. Common patterns include head and shoulders, double top/bottom, flags, pennants, and triangles. Recognizing these can provide entry and exit points. For example, a “cup and handle” pattern often signals a bullish breakout. The logic behind these patterns is rooted in investor psychology—how fear, greed, and crowd behavior shape price actions. This module provides visual illustrations of each pattern, their typical durations, volume signals, and success probabilities. Real chart examples are analyzed for better understanding. By learning to spot these patterns, traders can enhance their technical analysis and time their trades more effectively. This section is essential for those interested in active trading, as it adds a valuable toolset to their market approach.","チャートパターンは、トレーダーが将来の市場行動を予測するのに役立つ価格の動きのグラフィカルな表現です。 これらのパターンは、反転パターンと継続パターンに分類されます。 反転パターンはトレンドの変化を示し、継続パターンはトレンドが持続することを示唆しています。 一般的なパターンには、頭と肩、ダブルトップ/ボトム、旗、ペナント、三角形が含まれます。 これらを認識することで、入り口と出口のポイントを提供できます。 たとえば、「カップとハンドル」パターンは、強気のブレイクアウトを示すことがよくあります。 これらのパターンの背後にある論理は、投資家の心理学に根ざしています—恐怖、貪欲、群衆の行動が価格行動をどのように形作るか。 このモジュールは、各パターン、その典型的な持続時間、ボリューム信号、および成功確率の視覚的なイラストを提供します。 実際のチャートの例は、より良い理解のために分析されます。 これらのパターンを見つけることを学ぶことで、トレーダーはテクニカル分析を強化し、取引をより効果的に行うことができます。 それは彼らの市場アプローチに貴重なツールセットを追加するように、このセクションでは、アクティブな取引に興味のある人のために不可欠です。","Guide to Common Stock Chart Patterns","Learn how to recognize and interpret chart patterns for technical trading success.","chart patterns, technical analysis, trading charts",,"1","999999","default","active","36.00","5940.00","282.60","0.00",NULL,NULL,NULL,"2",NULL,NULL,"6","Beginner","ビギナー","42","A","A",NULL,NULL
"10","Candlestick Basics","ローソク足の基本","candlestick-basics","Candlestick charts visually represent price movements within a time period using colored bars called “candlesticks.” Each candlestick shows the open, high, low, and close prices. A green (or white) candle indicates price rise, while red (or black) shows price fall. The “body” represents the price range between open and close, and the “wicks” or “shadows” show the highs and lows. Candlesticks help identify patterns like Doji, Hammer, Shooting Star, and Engulfing, which signal trend reversals or continuations. For example, a “Hammer” at the bottom of a downtrend may indicate bullish reversal. Candlestick analysis is a key part of technical trading. It is most effective when used with volume and trend confirmation. Understanding candlesticks enhances a trader’s ability to read market sentiment and price momentum. Beginners should learn key patterns and practice on charts before making trades. Mastery of candlestick basics improves decision-making, entry timing, and risk control in trades.","ローソク足チャートは、""ローソク足""と呼ばれる色付きのバーを使用して、期間内の価格の動きを視覚的に表します。""各ローソク足は、オープン、ハイ、ローソク足、およびクローズ価格を示しています。 緑（または白）のろうそくは価格の上昇を示し、赤（または黒）は価格の下落を示します。 「本体」は始値と終値の間の価格帯を表し、「芯」または「影」は高値と安値を示します。 ローソク足は、ドジ、ハンマー、流れ星、巻き込みなどのパターンを識別するのに役立ち、トレンドの逆転や継続を示します。 たとえば、下降トレンドの下部にある「ハンマー」は、強気の反転を示している可能性があります。 ローソク足分析は、技術的な取引の重要な部分です。 それは容積および傾向の確認と使用されたとき最も有効です。 ローソク足を理解することは、市場のセンチメントと価格の勢いを読むトレーダーの能力を向上させます。 初心者は、取引を行う前に、チャート上のキーパターンと練習を学ぶ必要があります。 ローソク足の基本を習得することで、意思決定、エントリータイミング、および取引におけるリスク管理が向上します。","Candlestick charts are a popular method for visualizing stock price movements. Each candlestick represents a specific time period (e.g., 5 minutes, 1 day) and contains four key pieces of data: open, high, low, and close (OHLC). A candlestick body shows the range between open and close, while the wicks (shadows) show the highs and lows. Green (or white) candles indicate upward movement, while red (or black) candles represent declines. Basic candlestick types include doji, hammer, shooting star, engulfing, and spinning top. These formations help identify market sentiment and potential reversals. For example, a “hammer” at the bottom of a downtrend may signal a bullish reversal. This section explains candlestick construction, psychology behind patterns, and real-life examples. Learning candlesticks is fundamental for traders using price action strategies. It also serves as the foundation for more advanced analysis like chart patterns and indicators. With consistent practice, candlestick reading becomes a powerful tool for timing entries and exits.","ローソク足チャートは、株価の動きを視覚化するための一般的な方法です。 各ローソク足は、特定の期間（例えば、5分、1日）を表し、オープン、ハイ、ロー、クローズ（OHLC）の四つの重要なデータが含まれています。 ローソク足のボディは開閉の範囲を示し、芯（影）は高値と安値を示します。 緑（または白）のキャンドルは上向きの動きを示し、赤（または黒）のキャンドルは減少を表します。 基本的なローソク足のタイプには、童子、ハンマー、流れ星、巻き込み、スピニングトップが含まれます。 これらのフォーメーションは、市場のセンチメントと潜在的な逆転を特定するのに役立ちます。 たとえば、下降トレンドの底にある「ハンマー」は、強気の逆転を示す可能性があります。 このセクションでは、ローソク足の構造、パターンの背後にある心理学、および実際の例について説明します。 ローソク足を学ぶことは、価格行動戦略を使用してトレーダーのための基本です。 また、チャートパターンや指標など、より高度な分析の基盤としても機能します。 一貫した練習では、ローソク足の読書は、タイミングのエントリと終了のための強力なツールになります。","Candlestick Charting for Beginners","Understand how to read candlestick patterns and use them in trading strategies.","candlestick patterns, chart reading, technical trading",,"1","999999","default","active","38.00","6270.00","298.30","0.00",NULL,NULL,NULL,"2",NULL,NULL,"8","Intermediate","中級","55","A","A",NULL,NULL
"11","Support and Resistance","サポートと抵抗","support-and-resistance","Support and resistance are key concepts in technical analysis used to identify potential price levels where a stock may reverse direction. Support is a price level where buying interest is strong enough to prevent the price from falling further. Resistance is a level where selling pressure is strong enough to prevent the price from rising further. These levels are often psychological or based on historical price behavior. Traders use them to determine entry, exit, and stop-loss levels. Breakouts above resistance or below support indicate possible trend continuation. Support and resistance can be horizontal or dynamic (e.g., moving averages). They are not exact prices but zones where price reactions are likely. Combined with volume, candlestick patterns, and indicators, they become more reliable. Mastering this concept helps traders plan better trades, reduce risk, and build confidence. Chart tools like TradingView allow easy plotting of support and resistance levels on different timeframes.","サポートと抵抗は、株価が方向を逆転させる可能性のある潜在的な価格レベルを特定するために使用されるテクニカル分析の重要な概念です。 サポートは、購入関心がさらに下落から価格を防ぐために十分に強い価格レベルです。 抵抗は、価格がさらに上昇するのを防ぐのに十分な販売圧力が強いレベルです。 これらのレベルは、多くの場合、心理的または歴史的な価格行動に基づいています。 トレーダーは、エントリ、出口、およびストップロスのレベルを決定するためにそれらを使用しています。 抵抗の上またはサポートの下の吹き出物は、可能な傾向の継続を示しています。 支持および抵抗は、水平または動的（例えば、移動平均）であり得る。 それらは正確な価格ではなく、価格反応が起こりそうなゾーンです。 ボリューム、ローソク足のパターン、および指標と組み合わせると、それらはより信頼性が高くなります。 この概念を習得することは、トレーダーがより良い取引を計画し、リスクを減らし、自信を築くのに役立ちます。 TradingViewのようなチャートツールを使用すると、さまざまな時間枠でサポートレベルと抵抗レベルを簡単にプロットできます。","Support and resistance levels are key concepts in technical analysis that help traders identify potential entry and exit points. Support represents a price level where a stock tends to find buying interest, preventing it from falling further. Conversely, resistance is a level where selling pressure emerges, preventing prices from rising. Understanding how these levels work is crucial for predicting price reversals and setting realistic targets. Traders often rely on historical price patterns, volume behavior, and psychological zones to determine support and resistance. These levels are not always exact; they can appear as zones or bands. Price tends to bounce between these levels, forming trends and ranges. Breakouts above resistance or below support can signal the beginning of a new trend. This module will teach you how to draw support and resistance lines, validate them using volume, and apply them across different timeframes. Practical chart examples and TradingView demonstrations are included to strengthen your understanding.","サポートレベルとレジスタンスレベルは、トレーダーが潜在的な出入りポイントを特定するのに役立つテクニカル分析の重要な概念です。 サポートは、株式が購入関心を見つける傾向があり、それがさらに下落するのを防ぐ価格レベルを表します。 逆に、抵抗は販売圧力が出て価格が上昇するのを防ぐレベルです。 これらのレベルがどのように機能するかを理解することは、価格の逆転を予測し、現実的な目標を設定するために重要です。 トレーダーは、多くの場合、サポートと抵抗を決定するために、歴史的な価格パターン、ボリュームの行動、および心理的なゾーンに依存しています。 これらのレベルは必ずしも正確ではなく、ゾーンまたはバンドとして表示される可能性があります。 価格はこれらのレベルの間で跳ね返る傾向があり、傾向と範囲を形成します。 抵抗の上またはサポートの下のブレイクアウトは、新しいトレンドの始まりを示すことができます。 このモジュールでは、サポートラインとレジスタンスラインを描画し、ボリュームを使用して検証し、さまざまな時間枠に適用する方法を説明します。 実用的なチャートの例とTradingViewのデモは、あなたの理解を強化するために含まれています。","Support and Resistance in Trading","Master the concepts of support and resistance and their use in market entry and exits.","support resistance, trading levels, price action",,"1","999999","default","active","40.00","6600.00","314.00","0.00",NULL,NULL,NULL,"2",NULL,NULL,"5","Beginner","ビギナー","38","A","A",NULL,NULL
"12","Trendlines & Channels","トレンドラインとチャネル","trendlines-and-channels","Trendlines and channels help traders visualize market direction and structure. A trendline is a straight line that connects two or more price points and helps identify the direction of a trend – upward (bullish), downward (bearish), or sideways. An uptrend line connects rising lows, while a downtrend line connects falling highs. Channels are formed when a parallel line is drawn opposite the trendline, creating a price range or path the stock tends to follow. Channels can be ascending, descending, or horizontal. Traders use these to identify breakout or breakdown points. A breakout above a channel may signal strong upward momentum, while a breakdown below could indicate a reversal. These tools also help place stop-loss and target levels. Accuracy improves when used with indicators like RSI or volume. Understanding trendlines and channels provides structure to price analysis, enhancing a trader’s ability to make systematic and disciplined decisions.","トレンドラインとチャネルは、トレーダーが市場の方向性と構造を視覚化するのに役立ちます。 トレンドラインは、2つ以上の価格ポイントを結ぶ直線であり、トレンドの方向（上向き（強気）、下向き（弱気）、または横向き）を識別するのに役立ちます。 上昇トレンドラインは上昇安値を接続し、下降トレンドラインは下降高値を接続します。 チャネルは、平行線がトレンドラインの反対側に描かれたときに形成され、株価が従う傾向がある価格帯またはパスを作成します。 チャンネルは、昇順、降順、または水平にすることができます。 トレーダーはこれらを使用して、ブレイクアウトまたはブレークダウンポイントを識別します。 チャネルの上のブレイクアウトは強い上向きの勢いを示すかもしれませんが、下の内訳は逆転を示す可能性があります。 これらのツールは、ストップロスとターゲットレベルを配置するのにも役立ちます。 Rsiやボリュームなどのインジケータで使用すると、精度が向上します。 トレンドラインとチャネルを理解することで、価格分析の構造が提供され、トレーダーが体系的かつ規律ある意思決定を行う能力が向上します。","Trendlines are straight lines drawn on a chart to connect successive price points, helping visualize the direction of a trend. Channels consist of a pair of parallel trendlines — one connecting highs and the other connecting lows — which define the upper and lower boundaries of a price movement. These tools are vital for identifying bullish or bearish momentum and spotting trend reversals. Trendlines act as dynamic support and resistance levels. If a stock price consistently touches a trendline and bounces, that trendline becomes a reliable guide for future price action. Channels help traders make informed decisions about entry, stop-loss, and exit targets. Understanding slope, touchpoints, and breakouts from these lines is critical. This lesson provides a step-by-step approach to drawing accurate trendlines and recognizing various types of channels like ascending, descending, and sideways. Real-time TradingView illustrations and case studies from NSE/BSE stocks are covered to ensure practical learning.","トレンドラインは、連続する価格ポイントを結ぶためにチャート上に描かれた直線であり、トレンドの方向を視覚化するのに役立ちます。 チャネルは、価格の動きの上下の境界を定義する一対の平行なトレンドライン（1つは高値を接続し、もう1つは安値を接続する）で構成されます。 これらのツールは、強気または弱気の勢いを特定し、トレンドの逆転を発見するために不可欠です。 トレンドラインは、動的なサポートと抵抗レベルとして機能します。 株価が一貫してトレンドラインに触れて跳ね返る場合、そのトレンドラインは将来の価格行動のための信頼できるガイドになります。 チャネルは、トレーダーがエントリー、ストップロス、および出口の目標について情報に基づいた意思決定を行うのに役立ちます。 これらの線からの傾き、タッチポイント、およびブレイクアウトを理解することは重要です。 このレッスンでは、正確なトレンドラインを描画し、昇順、降順、横向きなどのさまざまなタイプのチャネルを認識するためのステップバイステップのアプローチを提供します。 リアルタイムトレーディングビュー NSE/BSE株からのイラストとケーススタディは、実践的な学習を確実にするためにカバーされています。","Using Trendlines & Channels in Trading","Learn to draw and trade using trendlines and price channels for better analysis.","trendlines, trading channels, technical indicators",,"1","999999","default","active","24.00","3960.00","188.40","0.00",NULL,NULL,NULL,"2",NULL,NULL,"6","Intermediate","中級","41","A","A",NULL,NULL
"13","Volume Analysis","体積分析","volume-analysis","Volume refers to the number of shares traded during a specific period and is a powerful tool in technical analysis. It shows the strength behind price movements. High volume during price rise indicates strong buying interest, while during a decline it suggests strong selling. Low volume means lack of conviction. Traders use volume to confirm trends, breakouts, or reversals. For instance, a breakout from resistance with rising volume is more reliable. Volume spikes may indicate the beginning or end of a trend. Tools like Volume Oscillator, On-Balance Volume (OBV), and Accumulation/Distribution Line provide deeper insights. Volume is also used in detecting false breakouts, where price breaks a level without significant volume support. Combined with candlesticks and indicators, volume analysis improves trade timing and decision-making. Platforms like TradingView visually integrate volume with charts, helping traders track real-time participation and market strength effectively. Mastery of volume analysis refines trading accuracy.","ボリュームとは、特定の期間に取引された株式の数を指し、テクニカル分析の強力なツールです。 それは価格の動きの背後にある強さを示しています。 価格上昇中の大量は強い買い関心を示し、下落中は強い売りを示唆しています。 ボリュームが少ないということは、信念の欠如を意味します。 トレーダーは、トレンド、ブレイクアウト、または反転を確認するためにボリュームを使用します。 例えば、上昇の容積の抵抗からのブレイクアウトはより信頼できます。 ボリュームスパイクは、トレンドの始まりまたは終わりを示す場合があります。 Volume Oscillator、On-Balance Volume(OBV)、Accumulation/Distribution Lineなどのツールは、より深い洞察を提供します。 ボリュームは、価格が大幅なボリュームサポートなしでレベルを破る偽の吹き出物を検出する際にも使用されます。 ローソク足や指標と組み合わせることで、ボリューム分析は貿易のタイミングと意思決定を改善します。 TradingViewのようなプラットフォームは、チャートとボリュームを視覚的に統合し、トレーダーがリアルタイムの参加と市場の強さを効果的に追跡できるようにします。 ボリューム分析の習得は、取引の正確さを洗練します。","Volume analysis involves studying the number of shares traded during a specific time period to gauge the strength of a price movement. High trading volume often indicates strong interest in a stock, confirming the validity of a price trend. On the other hand, low volume may signal indecision or lack of conviction. Traders use volume to confirm breakouts, identify exhaustion points, and detect divergences. Key indicators like On-Balance Volume (OBV), Volume Oscillator, and Accumulation/Distribution help quantify buying vs. selling pressure. This module will teach you how to interpret volume in various market scenarios — uptrends, downtrends, and consolidations. You'll learn to combine volume with candlestick patterns and moving averages to improve trade timing and accuracy. TradingView tools will be used to demonstrate how volume overlays and indicators can be added to your charts. Volume is a hidden force behind price action, and mastering it will provide you a competitive edge in market analysis.","ボリューム分析は、価格の動きの強さを測定するために、特定の期間中に取引された株式の数を研究することを含みます。 高い取引量は、多くの場合、価格動向の妥当性を確認し、株式への強い関心を示しています。 一方では、少量は確信の優柔不断か欠乏に信号を送るかもしれない。 トレーダーはボリュームを使用して、ブレイクアウトを確認し、枯渇ポイントを特定し、発散を検出します。 オンバランスボリューム(OBV)、ボリュームオシレーター、累積/分布などの重要な指標は、買い圧力と売り圧力を定量化するのに役立ちます。 このモジュールでは、上昇トレンド、下降トレンド、統合など、さまざまな市場シナリオでのボリュームの解釈方法を説明します。 取引のタイミングと精度を向上させるために、取引量とローソク足パターンと移動平均を組み合わせる方法を学びます。 TradingViewツールを使用して、ボリュームオーバーレイと指標をチャートに追加する方法を説明します。 ボリュームは価格行動の背後にある隠された力であり、それを習得することで市場分析における競争力を提供します。","Volume Analysis in Stock Trading","Understand the role of trading volume and how it confirms price trends.","volume analysis, trade volume, volume indicator",,"1","999999","default","active","26.00","4290.00","204.10","0.00",NULL,NULL,NULL,"2",NULL,NULL,"7","Intermediate","中級","50","A","A",NULL,NULL
"14","Moving Averages","移動平均","moving-averages","Moving Averages (MA) are trend-following indicators that smooth out price data by calculating the average of past prices over a specific period. Common types are Simple Moving Average (SMA) and Exponential Moving Average (EMA). MAs help identify the overall direction of the trend and act as dynamic support and resistance levels. Popular durations include 20-day, 50-day, and 200-day MAs. When a short-term MA crosses above a long-term MA, it forms a bullish crossover (Golden Cross); the reverse is a bearish crossover (Death Cross). Traders use moving averages to confirm trends, spot entry/exit points, and filter noise in price action. They work best in trending markets and are often used alongside indicators like RSI or MACD. However, they lag price movements, making them less effective in choppy markets. Understanding moving averages improves technical analysis skills, enhances trend detection, and contributes to disciplined and data-driven trading decisions.","移動平均（MA）は、特定の期間の過去の価格の平均を計算することによって価格データを滑らかにするトレンドフォロー指標です。 一般的なタイプは、単純移動平均（SMA）と指数移動平均（EMA）です。 MAsは、トレンドの全体的な方向性を特定し、動的なサポートと抵抗レベルとして機能するのに役立ちます。 一般的な期間には、20日、50日、および200日のMAsが含まれます。 短期MAが長期MAの上を横切るとき、それは強気のクロスオーバー（ゴールデンクロス）を形成し、逆は弱気のクロスオーバー（死のクロス）です。 トレーダーは移動平均を使用して、トレンド、スポットの入り口/出口ポイント、および価格行動のノイズを確認します。 それらはトレンド市場で最も効果的であり、RSIやMACDなどの指標と一緒に使用されることがよくあります。 しかし、彼らは価格の動きを遅らせ、不安定な市場ではあまり効果的ではありません。 移動平均を理解することで、テクニカル分析スキルが向上し、トレンド検出が強化され、規律あるデータ駆動型の取引意思決定に貢献します。","Moving averages are one of the most popular technical indicators used by traders to smooth out price data and identify trend direction. They work by calculating the average price of a stock over a set period. The two main types are Simple Moving Averages (SMA) and Exponential Moving Averages (EMA). SMA gives equal weight to all data points, while EMA gives more importance to recent prices. Moving averages act as dynamic support and resistance levels. When the price stays above a moving average, it signals a bullish trend; when below, a bearish trend. Crossovers of short-term and long-term moving averages are used to generate buy/sell signals, such as the famous Golden Cross or Death Cross. In this lesson, you'll learn how to use 20, 50, 100, and 200-day MAs effectively, how to choose the right type of average for your strategy, and how to combine them with other indicators like RSI or MACD for confirmation.","移動平均は、トレーダーが価格データを滑らかにし、トレンドの方向性を特定するために使用する最も人気のあるテクニカル指標の1つです。 彼らは、設定された期間にわたって株式の平均価格を計算することによって動作します。 二つの主なタイプは、単純移動平均（SMA）と指数移動平均（EMA）です。 SMAはすべてのデータポイントに等しい重みを与えますが、EMAは最近の価格をより重要視します。 移動平均は、動的サポートと抵抗レベルとして機能します。 価格が移動平均を上回っている場合、それは強気の傾向を示します。 短期および長期移動平均のクロスオーバーは、有名なゴールデンクロスやデスクロスなどの買い/売りシグナルを生成するために使用されます。 このレッスンでは、20、50、100、および200日間のMAsを効果的に使用する方法、戦略に適した平均の種類を選択する方法、および確認のためにRSIやMACDなどの他の指標とそれらを組み合わせる方法を学びます。","Moving Averages in Technical Analysis","Learn how moving averages help identify trends and potential entry points.","moving average, trend indicator, SMA, EMA",,"1","999999","default","active","28.00","4620.00","219.80","0.00",NULL,NULL,NULL,"2",NULL,NULL,"8","Intermediate","中級","62","A","A",NULL,NULL
"15","RSI, MACD & Momentum Indicators","RSI、MACD、モメンタム指標","rsi-macd-momentum-indicators","RSI (Relative Strength Index), MACD (Moving Average Convergence Divergence), and other momentum indicators help traders assess the strength and speed of price movements. RSI ranges from 0 to 100 and identifies overbought (above 70) or oversold (below 30) conditions. MACD uses two moving averages (usually 12 EMA and 26 EMA) to detect trend direction and momentum. A crossover of MACD and signal line is often used as a trading signal. Histogram bars show the distance between these lines, indicating momentum strength. Other momentum tools include Stochastic Oscillator and ADX. These indicators help in confirming trends, spotting reversals, and managing trade entries/exits. They are more effective when used with price action and volume. Misuse or reliance on them alone may lead to false signals. Mastering momentum indicators helps traders make more objective decisions, avoid emotional trades, and better understand market behavior and timing.","RSI（相対強度指数）、MACD（移動平均収束発散）、およびその他のモメンタム指標は、トレーダーが価格の動きの強さとスピードを評価するのに役立ちます。 RSIは0から100までの範囲で、買われ過ぎ（70以上）または売られ過ぎ（30以下）の条件を識別します。 MACDは、トレンドの方向と勢いを検出するために、2つの移動平均（通常は12EMAと26EMA）を使用します。 MACDと信号線のクロスオーバーは、取引信号としてよく使用されます。 ヒストグラムバーは、これらの線の間の距離を示し、運動量の強さを示します。 他の運動量ツールには、確率的発振器とADXが含まれます。 これらの指標は、トレンドの確認、反転のスポッティング、および取引のエントリ/出口の管理に役立ちます。 それらは価格の行為および容積と使用されたときより有効です。 それらの誤用や依存だけでは、誤った信号につながる可能性があります。 モメンタム指標をマスターすることで、トレーダーはより客観的な意思決定を行い、感情的な取引を避け、市場の行動とタイミングをよりよく理解することができます。","RSI (Relative Strength Index), MACD (Moving Average Convergence Divergence), and other momentum indicators help traders measure the strength and speed of a price movement. RSI indicates whether a stock is overbought or oversold by comparing recent gains to losses on a scale of 0 to 100. Readings above 70 suggest overbought conditions; below 30 indicate oversold. MACD helps identify trend changes and momentum by comparing two EMAs. The MACD line crossing the signal line is often interpreted as a buy or sell signal. Momentum indicators also include tools like Stochastic Oscillator and ROC (Rate of Change), which show price acceleration or deceleration. This module breaks down the theory behind each indicator, how to set them up on TradingView, and how to interpret their signals in different market scenarios. You'll learn how to avoid false signals by using indicators in combination and how to integrate them into your day trading or swing trading strategy effectively.","RSI（相対強度指数）、MACD（移動平均収束発散）、およびその他のモメンタム指標は、トレーダーが価格の動きの強さとスピードを測定するのに役立ちます。 RSIは、最近の利益と損失を0から100のスケールで比較することによって、株式が買われ過ぎであるか売られ過ぎであるかを示します。 70を超える測定値は買われ過ぎの条件を示唆し、30を下回ると売られ過ぎを示します。 MACDは、2つのEmaを比較することで、トレンドの変化と勢いを特定するのに役立ちます。 信号線を横切るMACD線は、多くの場合、買いまたは売りの信号として解釈されます。 モメンタム指標には、価格の加速または減速を示す確率発振器やROC（変化率）などのツールも含まれます。 このモジュールでは、各指標の背後にある理論、TradingViewでの設定方法、およびさまざまな市場シナリオでのシグナルの解釈方法を説明します。 あなたは、組み合わせて指標を使用して偽の信号を回避する方法と効果的にあなたの日の取引やスイング取引戦略にそれらを統合する方法を学","RSI, MACD, and Momentum Indicators Guide","Explore key momentum indicators used for analyzing overbought and oversold conditions.","RSI, MACD, momentum indicators, trading signals",,"1","999999","default","active","30.00","4950.00","235.50","0.00",NULL,NULL,NULL,"2",NULL,NULL,"6","Intermediate","中級","45","A","A",NULL,NULL
"16","TradingView Platform Basics","TradingViewプラットフォームの基本","tradingview-platform-basics","TradingView is a widely-used charting platform offering real-time data, powerful tools, and social trading features. It supports a wide range of asset classes including stocks, forex, crypto, and commodities. Beginners can use its free version to access interactive charts, multiple timeframes, and technical indicators like RSI, MACD, and Moving Averages. It allows users to create watchlists, set price alerts, and use drawing tools to analyze trends, patterns, and support/resistance levels. Advanced users can write custom scripts using Pine Script for strategy automation and backtesting. The platform also has a strong community where traders share ideas, which can be followed and discussed. With mobile and web access, TradingView is flexible and user-friendly. Learning the basics of TradingView empowers traders to perform better technical analysis, monitor markets efficiently, and refine strategies using its visually intuitive interface. It’s a must-have tool for both beginners and experienced market participants.","TradingViewは、リアルタイムデータ、強力なツール、ソーシャル取引機能を提供する広く使用されているチャートプラットフォームです。 これは、株式、外国為替、暗号、および商品を含む資産クラスの広い範囲をサポートしています。 初心者は、インタラクティブなチャート、複数の時間枠、およびRSI、MACD、および移動平均のような技術的な指標にアクセスするために、その無料版を使用 これにより、ユーザーはウォッチリストを作成し、価格アラートを設定し、描画ツールを使用して傾向、パターン、サポート/抵抗レベルを分析できます。 上級ユーザーは、戦略の自動化とバックテストのためにPine Scriptを使用してカスタムスクリプトを書くことができます。 このプラットフォームには、トレーダーがアイデアを共有する強力なコミュニティもあり、それをフォローして議論することができます。 モバイルおよびウェブアクセスにより、TradingViewは柔軟でユーザーフレンドリーです。 TradingViewの基本を学ぶことで、トレーダーは視覚的に直感的なインターフェイスを使用して、より良いテクニカル分析を実行し、市場を効率的に監視し、戦略を精緻化することができます。 これは、初心者と経験豊富な市場参加者の両方のための必須のツールです。","TradingView is a powerful charting and analysis platform used by millions of traders worldwide. It allows users to view real-time data, apply technical indicators, draw chart patterns, and even publish their analysis. This module introduces beginners to the TradingView interface — including navigation, chart types, timeframes, and indicator settings. You’ll learn how to create watchlists, set up alerts, save chart layouts, and access community scripts. The platform supports hundreds of technical indicators and drawing tools, making it ideal for backtesting and research. Advanced features like Pine Script allow users to create custom indicators or strategies. We’ll cover how to use multi-timeframe analysis, add multiple indicators, customize colors, and use templates for faster analysis. Whether you're an investor or a day trader, mastering TradingView enhances your technical analysis significantly. You'll walk away being able to conduct end-to-end stock research and technical setups with confidence on this industry-leading platform.","TradingViewは、世界中の何百万人ものトレーダーが使用する強力なチャート分析プラットフォームです。 これにより、ユーザーはリアルタイムのデータを表示したり、テクニカル指標を適用したり、チャートパターンを描画したり、分析を公開したりすることができます。 このモジュールでは、ナビゲーション、チャートタイプ、時間枠、指標設定など、TradingViewインターフェイスの初心者を紹介します。 ウォッチリストの作成方法、アラートの設定方法、チャートレイアウトの保存方法、コミュニティスクリプトへのアクセス方法について説明します。 このプラットフォームは、何百ものテクニカル指標と描画ツールをサポートしているため、バックテストや研究に最適です。 Pine Scriptのような高度な機能を使用すると、ユーザーはカスタム指標や戦略を作成できます。 マルチタイムフレーム分析の使用方法、複数の指標の追加、色のカスタマイズ、およびテンプレートの使用方法について説明します。 あなたが投資家であろうとデイトレーダーであろうと、tradingviewをマスターすることでテクニカル分析が大幅に強化されます。 この業界をリードするプラットフォームで、エンドツーエンドのストックリサーチと技術的なセットアップを自信を持って行うことができます。","How to Use TradingView for Analysis","A beginner’s guide to using TradingView for technical charting and indicators.","TradingView tutorial, charting tool, trading platform",,"1","999999","default","active","32.00","5280.00","251.20","0.00",NULL,NULL,NULL,"2",NULL,NULL,"6","Intermediate","中級","43","A","A",NULL,NULL
"17","Reading Balance Sheets","貸借対照表を読む","reading-balance-sheets","A balance sheet is a financial statement that shows a company’s assets, liabilities, and equity at a specific point in time. It follows the equation: Assets = Liabilities + Shareholders’ Equity. Assets include what the company owns (cash, inventory, property), while liabilities are what it owes (loans, payables). Equity is the residual interest owned by shareholders. Balance sheets are divided into current and non-current items. Current assets (e.g., cash, receivables) are short-term, while non-current assets include property or equipment. Investors analyze balance sheets to assess financial health, liquidity, and solvency. Key ratios derived from balance sheets include Debt-to-Equity and Current Ratio. A strong balance sheet reflects low debt, healthy cash reserves, and positive working capital. Understanding it helps investors evaluate risk before investing. Reading balance sheets regularly and comparing them over time allows for better judgment on a company’s growth and sustainability potential.","貸借対照表は、特定の時点での会社の資産、負債、および資本を示す財務諸表です。 これは、資産=負債+株主資本の方程式に従います。 資産には、会社が所有しているもの（現金、在庫、財産）が含まれ、負債は負っているもの（ローン、債務）が含まれます。 資本は、株主が所有する残余持分です。 貸借対照表は、現在の項目と非現在の項目に分かれています。 流動資産（現金、債権など）は短期的なものであり、非流動資産には財産または設備が含まれています。 投資家は、財務の健全性、流動性、およびソルベンシーを評価するためにバランスシートを分析します。 バランスシートから派生した主要な比率には、負債と資本の比率と現在の比率が含まれます。 強いバランスシートは、低い負債、健全な現金準備金、および正の運転資本を反映しています。 それを理解することは投資家が投資する前に危険を評価するのを助ける。 バランスシートを定期的に読み、時間の経過とともに比較することで、企業の成長と持続可能性の可能性についてより良い判断を下すことができます。","A balance sheet is one of the core financial statements that shows a company’s financial position at a specific point in time. It includes assets (what the company owns), liabilities (what it owes), and equity (the owner's stake). Investors use balance sheets to assess financial health, stability, and liquidity. This module explains how to read and interpret balance sheet items like current assets, long-term liabilities, and shareholder equity. You’ll learn key metrics such as current ratio, debt-to-equity ratio, and book value. We’ll walk you through real-world examples from NSE-listed companies to illustrate how balance sheets reflect underlying business performance. Understanding this statement helps in evaluating whether a stock is undervalued or overleveraged. You'll also learn the red flags to watch out for — like rising debt levels or shrinking assets. Mastering the balance sheet provides a solid foundation for long-term investment decision-making, especially when comparing companies in the same sector.","バランスシートは、特定の時点での会社の財務状況を示す中核的な財務諸表の1つです。 これには、資産（会社が所有するもの）、負債（負っているもの）、および株式（所有者の株式）が含まれます。 投資家は、財務の健全性、安定性、および流動性を評価するためにバランスシートを使用します。 このモジュールでは、流動資産、固定負債、株主資本などの貸借対照表項目の読み方と解釈の方法について説明します。 現在の比率、負債対自己資本比率、帳簿価額などの主要な指標を学びます。 私たちは、バランスシートが基礎となる業績を反映する方法を説明するために、NSE上場企業からの実際の例を紹介します。 このステートメントを理解することは、株式が過小評価されているか過大評価されているかを評価するのに役立ちます。 また、債務水準の上昇や資産の縮小など、注意すべき赤い旗を学ぶことができます。 バランスシートをマスターすることは、特に同じセクターの企業を比較する際に、長期的な投資意思決定のための強固な基盤を提供します。","How to Read a Company’s Balance Sheet","Learn how to interpret a company’s assets, liabilities, and equity from its balance sheet.","balance sheet analysis, financial statements, company finances",,"1","999999","default","active","34.00","5610.00","266.90","0.00",NULL,NULL,NULL,"3",NULL,NULL,"9","Beginner","ビギナー","68","A","A",NULL,NULL
"18","Profit & Loss Statement","損益計算書","profit-loss-statement","A Profit and Loss (P&L) statement, also called an income statement, summarizes a company’s revenues, expenses, and profits over a specific time period. It shows how well the company is performing financially. The statement starts with revenue (sales), subtracts cost of goods sold (COGS) to get gross profit, then deducts operating expenses to find operating profit, and finally includes other income or expenses to arrive at net profit. Investors analyze P&L statements to understand profitability, expense efficiency, and revenue trends. Key margins like gross margin, EBITDA, and net margin provide insight into performance. A growing top line (sales) and bottom line (profit) over multiple quarters indicate business strength. It's vital to compare P&L statements with competitors or industry averages. Analyzing this statement helps investors make informed decisions and assess whether a company can generate consistent earnings and support future growth.","損益計算書（損益計算書）は、損益計算書とも呼ばれ、特定の期間にわたる会社の収益、費用、および利益を要約します。 それは会社が財政的にどれだけうまく行っているかを示しています。 ステートメントは、売上高（売上高）で始まり、売上総利益を得るために販売された商品のコスト（COGS）を減算し、営業利益を見つけるために営業費用を控除し、最終的に純利益に到達するための他の収入または費用が含まれています。 投資家は損益計算書を分析して、収益性、経費効率、収益動向を理解します。 売上総利益率、EBITDA、純利益率などの主要な利益率は、パフォーマンスに関する洞察を提供します。 複数の四半期にわたってトップライン（売上高）とボトムライン（利益）が成長していることは、ビジネスの強さを示しています。 P&Lステートメントを競合他社や業界平均と比較することが重要です。 この声明を分析することで、投資家は情報に基づいた意思決定を行い、企業が一貫した収益を生み出し、将来の成長をサポートできるかどうかを評価","The Profit & Loss (P&L) Statement, also called the income statement, shows a company’s revenues, expenses, and profits over a specific period. It helps investors understand how efficiently a company is operating and whether it’s profitable. This module breaks down each section: revenue, cost of goods sold (COGS), gross profit, operating expenses, and net income. We’ll also explain EBITDA, operating margin, and net profit margin — all crucial metrics for stock analysis. You’ll learn to analyze trends over quarters or years and compare them with competitors. Real examples from listed Indian companies are included to practice reading and interpreting P&L data. We’ll highlight the importance of consistent revenue growth, expense management, and bottom-line performance. Understanding the income statement allows you to make better decisions when choosing fundamentally strong stocks. It’s an essential tool for both value investors and traders looking at earnings momentum strategies.","損益計算書（損益計算書）は、損益計算書とも呼ばれ、特定の期間にわたる会社の収益、費用、および利益を示します。 それは投資家が会社がいかに効率的に作動しているか、そしてそれが有益であるかどうか理解するのを助ける。 このモジュールは、収益、売上原価（COGS）、売上総利益、営業費用、および当期純利益の各セクションを分類します。 また、EBITDA、営業利益率、および純利益率についても説明します—株式分析のためのすべての重要な指標。 四半期または年にわたる傾向を分析し、競合他社と比較する方法を学びます。 上場インド企業からの実際の例は、P＆Lデータの読み取りと解釈を練習するために含まれています。 私たちは、一貫した収益成長、経費管理、および収益パフォーマンスの重要性を強調します。 損益計算書を理解することで、根本的に強い株式を選択する際に、より良い意思決定を行うことができます。 これは、収益の勢い戦略を見て価値投資家やトレーダーの両方のための不可欠なツールです。","Understanding the P&L Statement","Analyze a company’s revenue, expenses, and net income using the profit & loss report.","P&L statement, income statement, company earnings",,"1","999999","default","active","36.00","5940.00","282.60","0.00",NULL,NULL,NULL,"3",NULL,NULL,"7","Intermediate","中級","56","A","A",NULL,NULL
"19","Cash Flow Analysis","キャッシュフロー分析","cash-flow-analysis","Cash flow analysis tracks the inflow and outflow of cash in a business. It’s categorized into three segments: Operating Activities (core business operations), Investing Activities (purchase/sale of assets), and Financing Activities (debt, equity, dividends). Unlike profit, cash flow shows actual liquidity and the company’s ability to pay expenses, salaries, and debts. Positive cash flow from operations indicates healthy business, while consistent negative cash flow may signal financial trouble, even if profits look good on paper. Investors use metrics like Free Cash Flow (FCF) to determine if the company can fund growth or return value to shareholders. Comparing cash flow over time and across peers provides insights into management efficiency. A company might show profit but face liquidity issues if cash flow is weak. Understanding and analyzing cash flow statements help investors assess sustainability, risk, and long-term viability of an investment.","キャッシュフロー分析は、ビジネスにおける現金の流入と流出を追跡します。 営業活動（中核事業）、投資活動（資産の売買）、財務活動（負債、株式、配当）の三つのセグメントに分類されます。 利益とは異なり、キャッシュフローは、実際の流動性と費用、給与、および債務を支払う会社の能力を示しています。 事業からの正のキャッシュフローは健全なビジネスを示し、一貫した負のキャッシュフローは、利益が紙の上で良く見える場合でも、財政的な問題 投資家は、フリーキャッシュフロー（FCF）のような指標を使用して、会社が成長に資金を供給できるか、株主に価値を返すことができるかを判断します。 キャッシュフローを時間の経過とともに比較し、ピア間で比較することで、経営効率に関する洞察を得ることができます。 企業は利益を示すかもしれないが、キャッシュフローが弱い場合は流動性の問題に直面しています。 キャッシュフロー計算書の理解と分析は、投資家が投資の持続可能性、リスク、および長期的な実行可能性を評価するのに役立ちます。","The Cash Flow Statement tracks the movement of cash in and out of a business, offering insights into a company’s liquidity and financial flexibility. It’s divided into three parts: operating activities, investing activities, and financing activities. This module explains how to interpret each section and understand the quality of a company's earnings. Unlike net profit, cash flow shows actual cash availability. A profitable company with poor cash flow can face liquidity crises, so this statement is critical for investors. You'll learn how to detect red flags like consistently negative operating cash flows or aggressive financing patterns. We’ll walk through real examples and teach you how to use cash flow in conjunction with other financial reports for a comprehensive analysis. Understanding cash flow improves your ability to spot financially sound companies, assess dividend sustainability, and anticipate future growth potential. This module is crucial for long-term investment decisions.","キャッシュフロー計算書は、企業の流動性と財務の柔軟性に関する洞察を提供し、ビジネスの出入りの現金の動きを追跡します。 これは、営業活動、投資活動、財務活動の3つの部分に分かれています。 このモジュールでは、各セクションを解釈し、会社の収益の質を理解する方法について説明します。 純利益とは異なり、キャッシュフローは実際の現金可用性を示しています。 キャッシュフローが悪い収益性の高い会社は流動性の危機に直面する可能性があるため、この声明は投資家にとって重要です。 あなたは一貫して負の営業キャッシュフローや積極的な資金調達パターンのような赤い旗を検出する方法を学びます。 私たちは、実際の例を歩いて、包括的な分析のために他の財務報告書と組み合わせてキャッシュフローを使用する方法をお教えします。 キャッシュフローを理解することで、財務的に健全な企業を見つけ、配当の持続可能性を評価し、将来の成長の可能性を予測する能力が向上します。 このモジュールは、長期的な投資判断のために重要です。","What is Cash Flow & How to Analyze It","Understand a company’s cash inflow and outflow through cash flow statements.","cash flow statement, financial health, liquidity analysis",,"1","999999","default","active","38.00","6270.00","298.30","0.00",NULL,NULL,NULL,"3",NULL,NULL,"6","Intermediate","中級","48","A","A",NULL,NULL
"20","Key Financial Ratios","主な財務比率","key-financial-ratios","Financial ratios are tools used to evaluate a company’s performance, efficiency, profitability, and solvency. Liquidity ratios like Current Ratio and Quick Ratio assess short-term obligations. Profitability ratios such as Net Profit Margin, Return on Equity (ROE), and Return on Assets (ROA) measure income generation. Leverage ratios like Debt-to-Equity show financial risk, while efficiency ratios (e.g., Inventory Turnover) gauge operational effectiveness. Ratios simplify complex financial statements into comparable metrics. Investors use them to benchmark performance, compare companies, and detect red flags. For example, a low ROE may suggest poor use of capital, while a high Debt-to-Equity may indicate risk. These ratios should be evaluated over time and in comparison to industry standards. Understanding financial ratios is essential for investment analysis, business valuation, and strategic planning. Mastering them helps investors make rational, data-driven investment decisions with higher confidence.","財務比率は、企業のパフォーマンス、効率性、収益性、およびソルベンシーを評価するために使用されるツールです。 流動性の比率現在の比率および速い比率のような比率は短期義務を査定する。 純利益率、Roe(自己資本利益率)、ROA(資産利益率)などの収益率は、収益の生成を測定します。 負債と株式のようなレバレッジ比率は財務リスクを示し、効率比率（在庫回転率など）は運用の有効性を示します。 比率は、複雑な財務諸表を比較可能な指標に簡素化します。 投資家はそれらを使用して、パフォーマンスのベンチマーク、企業の比較、および赤旗の検出を行います。 たとえば、ROEが低いと資本の使用が不十分であることを示唆し、負債から資本への投資が高いとリスクを示唆する可能性があります。 これらの比率は、時間の経過とともに、業界標準と比較して評価する必要があります。 財務比率を理解することは、投資分析、事業評価、および戦略計画に不可欠です。 それらを習得することは、投資家がより高い自信を持って合理的でデータ駆動型の投資意思決定を行うのに役立ちます。","Financial ratios simplify complex financial statements and allow quick comparisons across companies or time periods. This module covers essential ratios like liquidity ratios (current ratio, quick ratio), profitability ratios (ROE, ROA, net margin), leverage ratios (debt-equity), and efficiency ratios (inventory turnover, asset turnover). These metrics help you evaluate a company’s operational performance, financial health, and profitability. We’ll explain the formulas, what each ratio signifies, and what’s considered a good or bad value. You’ll learn how to benchmark ratios against industry averages and spot warning signs in underperforming companies. Practical exercises with real balance sheets and income statements from Indian companies will strengthen your ratio analysis skills. This lesson also guides you on integrating ratios into stock screening tools and investment frameworks. Mastering financial ratios is essential for identifying high-potential stocks, avoiding bad investments, and making informed, data-backed decisions in both short- and long-term trading strategies.","財務比率は、複雑な財務諸表を簡素化し、企業や期間間で迅速な比較を可能にします。 このモジュールは、流動性比率（現在の比率、クイック比率）、収益性比率（ROE、ROA、ネットマージン）、レバレッジ比率（デット-エクイティ）、効率比率（在庫回転率、資産回転率） これらの指標は、企業の運用パフォーマンス、財務健全性、収益性を評価するのに役立ちます。 式、各比率が何を意味するのか、そして何が良い値か悪い値と見なされるのかを説明します。 業界平均と比較して比率をベンチマークし、業績不振の企業で警告サインを見つける方法を学びます。 インド企業の実際の貸借対照表と損益計算書を使用した実践的な演習により、比率分析スキルが強化されます。 このレッスンでは、株式スクリーニングツールと投資フレームワークに比率を統合する方法についても説明します。 財務比率をマスターすることは、潜在性の高い株式を特定し、悪い投資を回避し、短期および長期の取引戦略の両方で情報に基づいたデータに基づく意思決定を行うために不可欠です。","Financial Ratios Every Investor Should Know","Learn essential ratios like ROE, debt-equity, P/E and their relevance to stock evaluation.","financial ratios, company analysis, stock valuation",,"1","999999","default","active","40.00","6600.00","314.00","0.00",NULL,NULL,NULL,"3",NULL,NULL,"7","Intermediate","中級","53","A","A",NULL,NULL
"21","Economic Indicators","経済指標","economic-indicators","Economic indicators are data points used to assess a country’s economic health and predict future market trends. Key indicators include GDP, Inflation (CPI/WPI), Unemployment Rate, Interest Rates, and Consumer Confidence Index. These indicators influence investor sentiment and drive stock market movements. For example, rising inflation may lead to higher interest rates, which can negatively affect equity markets. Leading indicators (e.g., new orders, stock prices) signal future trends, while lagging indicators (e.g., unemployment) reflect past performance. Monetary policy by central banks is based on these indicators. Traders and investors closely monitor economic calendars to prepare for volatility. An understanding of economic indicators helps align trading or investment strategies with macroeconomic trends. They also influence sector performance — e.g., rising rates may hurt real estate but help banking. Regularly tracking indicators allows for better timing, risk management, and strategic decision-making in the financial markets.","経済指標は、国の経済の健全性を評価し、将来の市場動向を予測するために使用されるデータポイントです。 主要な指標には、GDP、インフレ率（CPI/WPI）、失業率、金利、消費者信頼感指数が含まれます。 これらの指標は、投資家の心理に影響を与え、株式市場の動きを駆動します。 例えば、インフレ率の上昇は金利の上昇につながり、株式市場に悪影響を及ぼす可能性があります。 先行指標（新規注文、株価など）は将来の傾向を示し、遅れ指標（失業など）は過去の業績を反映しています。 中央銀行の金融政策は、これらの指標に基づいています。 トレーダーと投資家は、ボラティリティに備えるために経済カレンダーを密接に監視します。 経済指標を理解することは、取引や投資戦略をマクロ経済の動向と一致させるのに役立ちます。 それらはまたセクターの性能に影響を与える—例えば、上昇率は不動産を傷つけるが、銀行業を助けるかもしれない。 指標を定期的に追跡することで、金融市場におけるより良いタイミング、リスク管理、戦略的意思決定が可能になります。","Economic indicators are critical data points used by investors, analysts, and policymakers to assess the overall health of an economy. These indicators help predict future economic activity and can greatly influence stock market movements. Broadly, indicators are categorized into leading, lagging, and coincident indicators. Leading indicators such as new housing starts, manufacturing orders, and stock market performance signal future economic activity. Lagging indicators like unemployment rates and inflation confirm patterns and trends after they occur. Coincident indicators, including GDP and industrial production, provide real-time snapshots of the economy. Inflation (measured by CPI or WPI), interest rates set by the central bank, and employment statistics are especially watched closely by market participants. Positive or negative surprises in economic data can lead to sudden movements in equity markets. Traders and investors monitor these indicators to adjust portfolio allocations and hedge against risks. Understanding economic indicators allows investors to time entries and exits more effectively, improving investment decisions.","経済指標は、投資家、アナリスト、政策立案者が経済の全体的な健全性を評価するために使用する重要なデータポイントです。 これらの指標は、将来の経済活動を予測するのに役立ち、株式市場の動きに大きな影響を与える可能性があります。 広義には、指標は、先行指標、遅れ指標、および一致指標に分類されます。 新規住宅着工、製造受注、株式市場のパフォーマンスなどの先行指標は、将来の経済活動を示しています。 失業率やインフレ率などの遅れ指標は、発生した後のパターンや傾向を確認します。 GDPと工業生産を含む一致指標は、経済のリアルタイムのスナップショットを提供します。 インフレ率（CPIまたはWPIによって測定される）、中央銀行によって設定された金利、および雇用統計は、特に市場参加者によって注意深く監視されています。 経済データの肯定的または否定的な驚きは、株式市場の突然の動きにつながる可能性があります。 トレーダーと投資家はこれらの指標を監視して、ポートフォリオの配分を調整し、リスクをヘッジします。 経済指標を理解することで、投資家はより効果的に時間をかけて出入りすることができ、投資判断を改善することができます。","Key Economic Indicators for Investors","Discover macroeconomic indicators that influence market trends and investment decisions.","GDP, inflation, interest rates, economic data",,"1","999999","default","active","22.00","3630.00","172.70","0.00",NULL,NULL,NULL,"3",NULL,NULL,"6","Intermediate","中級","49","A","A",NULL,NULL
"22","Valuation Methods (PE, PBV)","評価方法（PE、PBV）","valuation-methods-pe-pbv","Valuation methods help investors determine the fair value of a stock. Two widely used metrics are the Price-to-Earnings (P/E) Ratio and Price-to-Book Value (P/BV) Ratio. P/E compares the stock’s price to its earnings per share (EPS) and reflects investor expectations. A high P/E may indicate overvaluation or strong growth potential; a low P/E could mean undervaluation or risk. P/BV compares market price to the book value of assets, helpful for asset-heavy companies. Other methods include Discounted Cash Flow (DCF), EV/EBITDA, and PEG ratio. Valuations vary by sector—tech firms may justify high P/E, while utilities have lower ratios. It’s important to compare valuations with industry peers, historical averages, and growth outlooks. No single method is perfect; using multiple approaches gives better clarity. Understanding these methods enables investors to avoid overpaying and identify underpriced opportunities. It also adds depth to investment decisions beyond basic price trends.","評価方法は、投資家が株式の公正価値を決定するのに役立ちます。 広く使用されている2つの指標は、価格対収益（P/E）比と価格対簿価（P/BV）比です。 P/Eは株式の価格を一株当たり利益（EPS）と比較し、投資家の期待を反映しています。 高いP/Eは過大評価または強い成長の可能性を示すかもしれません;低いP/Eは過小評価またはリスクを意味する可能性があります。 P/BVは、市場価格を資産の簿価と比較し、資産の重い企業に役立ちます。 その他の方法には、割引キャッシュフロー（DCF）、EV/EBITDA、およびPEG比率が含まれます。 評価はセクターによって異なります—ハイテク企業は高いP/Eを正当化するかもしれませんが、公益事業は低い比率を持っています。 バリュエーションを同業他社、過去の平均値、および成長見通しと比較することが重要です。 単一の方法は完全ではない;多数のアプローチを使用することはよりよい明快さを与える。 これらの方法を理解することで、投資家は過払いを回避し、低価格の機会を特定することができます。 また、基本的な価格動向を超えた投資判断に深さを追加します。","Valuation methods help investors determine the fair value of a stock or asset. Among the most commonly used are the Price-to-Earnings (PE) ratio and the Price-to-Book Value (PBV) ratio. The PE ratio compares a company’s current market price to its earnings per share (EPS). A high PE may indicate overvaluation or expected future growth, while a low PE could signal undervaluation or poor performance. The PBV ratio compares market price to the company’s book value per share. It helps identify if a stock is priced fairly relative to its assets. A PBV below 1 can indicate that a stock is trading for less than its net assets. Investors use these ratios in combination to compare companies within the same industry. However, different sectors have different PE and PBV norms, so comparisons should be contextual. These ratios are fundamental tools for long-term investors aiming to identify value or growth opportunities.","評価方法は、投資家が株式または資産の公正価値を決定するのに役立ちます。 最も一般的に使用されるのは、価格対収益（PE）比と価格対簿価（PBV）比です。 PE比率は、会社の現在の市場価格と1株当たり利益（EPS）を比較します。 PEが高いと過大評価または将来の成長が予想されることを示し、PEが低いと過小評価またはパフォーマンスの低下を示す可能性があります。 PBV比率は、市場価格と当社の1株当たり簿価を比較しています。 これは、株式がその資産に対してかなり相対的な価格設定されているかどうかを識別するのに役立ちます。 1以下のPBVは、株式がその純資産よりも少ないために取引されていることを示すことができます。 投資家は、同じ業界内の企業を比較するために組み合わせて、これらの比率を使用しています。 ただし、セクターごとにPEとPBVの基準が異なるため、比較は文脈に応じて行う必要があります。 これらの比率は、価値や成長の機会を特定することを目指して長期投資家のための基本的なツールです。","PE & PBV Valuation Methods Explained","Learn how to value stocks using Price-to-Earnings and Price-to-Book Value ratios.","PE ratio, PBV, stock valuation, fundamental analysis",,"1","999999","default","active","24.00","3960.00","188.40","0.00",NULL,NULL,NULL,"3",NULL,NULL,"8","Advanced","アドバンスド","60","A","A",NULL,NULL
"23","Sectoral Analysis","部門別分析","sectoral-analysis","Sectoral analysis involves evaluating different industry sectors to identify opportunities based on economic, market, or seasonal factors. Sectors include Banking, IT, Pharma, FMCG, Auto, Energy, etc. Each sector reacts differently to economic cycles. For example, FMCG is defensive and stable during downturns, while auto and real estate are cyclical and grow during economic expansions. Investors assess sector performance using metrics like growth rate, regulatory environment, demand-supply trends, and profitability ratios. Sector rotation strategies involve shifting investments between sectors based on macroeconomic outlook or policy changes. News, earnings reports, and global trends also impact sector performance. Analyzing sectors helps in building a diversified and resilient portfolio. It also helps identify leading or lagging sectors during different phases of the market. Sectoral ETFs and mutual funds allow targeted exposure. Sectoral analysis is crucial for timing entry/exit points and aligning investments with current and future trends.","セクター別分析には、経済、市場、または季節要因に基づいて機会を特定するために、さまざまな業界セクターを評価することが含まれます。 セクターは銀行業、IT、Pharma、FMCG、自動車、エネルギー、等を含んでいる。 各セクターは景気循環に対して異なった反応を示します。 例えば、FMCGは景気後退時には防御的で安定していますが、自動車と不動産は循環的であり、経済拡大時には成長します。 投資家は、成長率、規制環境、需要と供給の傾向、収益率などの指標を使用してセクターのパフォーマンスを評価します。 セクターローテーション戦略には、マクロ経済の見通しや政策変更に基づいてセクター間の投資をシフトすることが含まれます。 ニュース、決算報告書、および世界的な動向もセクターの業績に影響を与えます。 セクターを分析することは、多様で弾力性のあるポートフォリオを構築するのに役立ちます。 それはまた市場の異なった段階の間に導くか、または遅れのセクターを識別するのを助ける。 セクター別Etfと投資信託は、ターゲットを絞った露出を可能にします。 セクター別分析は、エントリ/出口ポイントのタイミングと現在および将来の傾向との投資を調整するために重要です。","Sectoral analysis involves evaluating the performance, risks, and future outlook of specific industries or sectors like IT, Pharma, Banking, FMCG, etc. This method helps investors allocate capital efficiently based on prevailing economic cycles. For example, defensive sectors like FMCG or healthcare may outperform during downturns, while cyclical sectors like auto or real estate shine during expansions. Analyzing sector growth potential includes looking at macroeconomic factors, government policies, demand trends, and technological shifts. Financial metrics like ROE, PE ratio, and debt-equity ratio for leading companies in a sector are also assessed. Sector rotation is a strategy based on shifting investments across sectors depending on the business cycle. Sectoral ETFs and mutual funds are popular vehicles for targeted exposure. By understanding sector dynamics, investors can diversify portfolios and mitigate unsystematic risk. Successful investors don’t just pick good stocks—they pick good sectors at the right time.","部門別分析には、IT、製薬、銀行、FMCGなどの特定の業界またはセクターのパフォーマンス、リスク、および将来の見通しを評価することが含まれます。 この方法は、投資家が一般的な景気循環に基づいて効率的に資本を配分するのに役立ちます。 例えば、FMCGやヘルスケアのような防御的なセクターは景気後退の間に優るかもしれませんが、自動車や不動産のような循環的なセクターは拡大の間に輝きます。 セクターの成長の可能性を分析するには、マクロ経済要因、政府の政策、需要動向、技術シフトを調べることが含まれます。 セクターの一流の会社のためのROE、PEの比率および負債自己資本比率のような財政の測定基準はまた査定される。 セクターローテーションは、ビジネスサイクルに応じてセクター間で投資をシフトすることに基づく戦略です。 セクター別Etfと投資信託は、ターゲットを絞った露出のための人気のある車です。 セクターのダイナミクスを理解することで、投資家はポートフォリオを多様化し、非体系的なリスクを軽減することができます。 成功した投資家はちょうど良い株式を選ぶことはありません-彼らは適切なタイミングで良いセクターを選びます。","How to Perform Sector Analysis","Analyze different industry sectors to identify opportunities and diversification strategies.","sector analysis, industry trends, investment sectors",,"1","999999","default","active","26.00","4290.00","204.10","0.00",NULL,NULL,NULL,"3",NULL,NULL,"5","Beginner","ビギナー","37","A","A",NULL,NULL
"24","Earnings Calls & Annual Reports","収益コール＆アニュアルレポート","earnings-calls-annual-reports","Earnings calls and annual reports are vital tools for evaluating a company’s financial health, strategy, and future outlook. Earnings calls are quarterly conference calls where management discusses performance, guidance, and answers analyst questions. These provide insight into management tone, challenges, and upcoming plans. Key figures like EPS, revenue, EBITDA, and margins are discussed. Annual reports (including the Director’s Report, Management Discussion and Analysis, and Financial Statements) offer a comprehensive view of the company’s operations, strategy, and compliance. Investors analyze these documents for trends, segment performance, risk disclosures, and governance practices. They also look for consistency between words and numbers. Reading these reports helps investors understand the business beyond stock prices and news headlines. It supports long-term investing by highlighting stability, transparency, and sustainability. Regularly reviewing earnings calls and annual reports equips investors to make well-informed decisions backed by facts and firsthand information.","収益コールと年次報告書は、企業の財務健全性、戦略、および将来の見通しを評価するための重要なツールです。 収益コールは四半期ごとの電話会議で、経営陣がパフォーマンス、ガイダンスについて話し合い、アナリストの質問に回答します。 これらは、管理トーン、課題、および今後の計画への洞察を提供します。 EPS、収益、EBITDA、マージンなどのキー数値について説明します。 アニュアルレポート（取締役報告書、経営陣の議論と分析、財務諸表を含む）は、当社の事業、戦略、コンプライアンスの包括的なビューを提供しています。 投資家は、トレンド、セグメント業績、リスク開示、ガバナンス慣行についてこれらの文書を分析します。 彼らはまた、単語と数字の間の一貫性を探します。 これらのレポートを読むことは、投資家が株価やニュースの見出しを超えてビジネスを理解するのに役立ちます。 これは、安定性、透明性、および持続可能性を強調することにより、長期投資をサポートしています。 定期的に収益コールと年次報告書を見直すことで、投資家は事実と直接の情報に裏打ちされた十分な情報に基づいた意思決定を行うことができます。","Earnings calls and annual reports are crucial tools for assessing a company's performance and future outlook. An earnings call is a quarterly event where management discusses financial results and answers analyst questions. Key topics include revenue, profits, future guidance, operational updates, and market conditions. Listening to the tone, language, and clarity of answers can provide insight into management confidence. Annual reports, on the other hand, provide a comprehensive summary of the company’s performance over the financial year. They include financial statements (income statement, balance sheet, cash flow), management discussion and analysis (MD&A), notes to accounts, and auditor’s report. Investors read these to identify growth drivers, cost control measures, debt levels, and future plans. Scrutinizing these documents allows investors to make informed decisions, assess management quality, and detect red flags. Consistent study of these reports helps build long-term conviction in stock holdings.","収益コールと年次報告書は、企業の業績と将来の見通しを評価するための重要なツールです。 収益コールは、経営陣が財務結果について話し合い、アナリストの質問に答える四半期ごとのイベントです。 主なトピックには、収益、利益、将来のガイダンス、運用の更新、および市場の状況が含まれます。 答えの調子、言語および明快さを聞くことは経営信任に洞察力を提供できる。 一方、アニュアルレポートは、会計年度における当社の業績の包括的な要約を提供します。 それらには、財務諸表（損益計算書、貸借対照表、キャッシュフロー）、経営議論および分析（MD&A）、勘定ノート、および監査人の報告書が含まれます。 投資家はこれらを読んで、成長の原動力、コスト管理措置、債務水準、および将来の計画を特定します。 これらの文書を精査することで、投資家は情報に基づいた意思決定を行い、経営の質を評価し、危険信号を検出することができます。 これらのレポートの一貫した研究は、株式保有の長期的な信念を構築するのに役立ちます。","Decoding Earnings Calls & Annual Reports","Learn how to extract valuable insights from company earnings calls and annual filings.","earnings call analysis, annual report, financial results",,"1","999999","default","active","28.00","4620.00","219.80","0.00",NULL,NULL,NULL,"3",NULL,NULL,"6","Intermediate","中級","46","A","A",NULL,NULL
"25","Introduction to Derivatives","デリバティブ入門","intro-to-derivatives","Derivatives are financial instruments whose value is derived from an underlying asset like stocks, commodities, currencies, or indices. The main types of derivatives are Futures, Options, Forwards, and Swaps. They are used for hedging, speculation, and arbitrage. In stock markets, derivatives allow traders to bet on price movements without owning the asset. For example, a futures contract lets you buy or sell an asset at a fixed price on a future date. Derivatives add liquidity and help manage portfolio risk. However, they are complex and carry high risk, especially with leverage. Exchange-traded derivatives are standardized and regulated (e.g., by SEBI in India), while over-the-counter (OTC) contracts are privately negotiated. Beginners must understand margin requirements, expiry dates, and settlement methods. Misuse can lead to significant losses. A clear understanding of how derivatives function is crucial before entering this market. They are powerful tools, best used with proper knowledge and strategy.","デリバティブとは、株式、コモディティ、通貨、インデックスなどの原資産から価値が派生した金融商品です。 デリバティブの主な種類は、先物、オプション、フォワード、およびスワップです。 これらは、ヘッジ、投機、および裁定取引に使用されます。 株式市場では、デリバティブはトレーダーが資産を所有せずに価格の動きに賭けることを可能にします。 たとえば、先物契約を使用すると、将来の日付に固定価格で資産を購入または売却することができます。 デリバティブは流動性を高め、ポートフォリオリスクの管理に役立ちます。 ただし、それらは複雑であり、特にレバレッジを使用するとリスクが高くなります。 上場デリバティブは標準化され、規制されている（例えば、インドのSEBIによって）が、店頭（OTC）契約は個人的に交渉されている。 初心者は、証拠金要件、有効期限、決済方法を理解する必要があります。 誤用は重大な損失につながる可能性があります。 この市場に参入する前に、デリバティブがどのように機能するかを明確に理解することが重要です。 それらは強力なツールであり、適切な知識と戦略で最もよく使用されます。","Derivatives are financial instruments whose value is derived from an underlying asset such as stocks, indices, commodities, or currencies. The two most common derivative instruments are Futures and Options. Derivatives are used for hedging risk, speculation, and arbitrage. Futures contracts obligate the buyer to purchase, and the seller to sell, an asset at a predetermined future date and price. Options contracts give the right, but not the obligation, to buy or sell the asset at a specific price within a set period. Derivatives trading occurs on platforms like NSE’s F&O segment and requires margin money. These instruments magnify both profits and losses, so a strong understanding is essential. Institutional investors use derivatives to hedge exposure, while retail traders use them for short-term speculation. While derivatives are powerful tools, lack of discipline can lead to large losses. Proper risk management, understanding of pricing models, and regulatory framework knowledge are essential before trading.","デリバティブとは、株式、指数、コモディティ、通貨などの原資産から価値が派生した金融商品です。 最も一般的なデリバティブ商品は先物とオプションです。 デリバティブは、リスク、投機、裁定取引をヘッジするために使用されます。 先物契約は、購入する買い手、および販売する売り手は、所定の将来の日付と価格で資産を販売する義務があります。 オプション契約は、一定期間内に特定の価格で資産を購入または売却する権利を与えますが、義務ではありません。 デリバティブ取引は、NSEのF&Oセグメントのようなプラットフォームで行われ、証拠金が必要です。 これらの手段は利益と損失の両方を拡大するので、強い理解が不可欠です。 機関投資家はエクスポージャーをヘッジするためにデリバティブを使用し、小売トレーダーは短期的な投機のためにデリバティブを使用します。 デリバティブは強力なツールですが、規律の欠如は大きな損失につながる可能性があります。 適切なリスク管理、価格モデルの理解、および規制の枠組みの知識は、取引の前に不可欠です。","Introduction to Derivatives Trading","Understand the basics of derivatives, their types, and how they are used in markets.","derivatives basics, futures options, financial instruments",,"1","999999","default","active","30.00","4950.00","235.50","0.00",NULL,NULL,NULL,"4",NULL,NULL,"5","Beginner","ビギナー","40","A","A",NULL,NULL
"26","Futures vs Options","先物対オプション","futures-vs-options","Futures and Options are the two main types of derivative contracts. Both allow traders to speculate or hedge against future price movements, but they differ in structure and risk. A futures contract is an agreement to buy/sell an asset at a predetermined price and date. It carries obligation on both buyer and seller, and profits/losses are settled daily (mark-to-market). In contrast, an options contract gives the right but not the obligation to buy (call) or sell (put) the asset at a set price before expiry. Buyers pay a premium for this right. Futures offer unlimited profit/loss potential, while option buyers risk only the premium. Futures are used for high-volume, directional trades; options suit more flexible strategies like hedging or income generation. Understanding both helps traders choose the appropriate tool based on market view, risk appetite, and capital. Combining futures and options strategically enhances market opportunities.","先物とオプションは、デリバティブ契約の2つの主要なタイプです。 どちらもトレーダーが将来の価格変動を推測またはヘッジすることを可能にしますが、構造とリスクは異なります。 先物契約は、所定の価格と日付で資産を売買する契約です。 それは買い手と売り手の両方に義務を負い、利益/損失は毎日決済されます（mark-to-market）。 これとは対照的に、オプション契約は、権利ではなく、満期前に設定された価格で資産を購入（コール）または売却（プット）する義務を与えます。 バイヤーはこの権利のために保険料を支払います。 先物は無制限の利益/損失の可能性を提供しますが、オプションの購入者はプレミアムのみを危険にさらします。 オプションは、ヘッジや所得創出のようなより柔軟な戦略に適しています。 両方を理解することは、トレーダーが市場の見方、リスク選好度、および資本に基づいて適切なツールを選択するのに役立ちます。 先物とオプションを組み合わせることで、市場機会を戦略的に強化します。","Futures and options are the two pillars of derivative trading. Both are contracts based on the value of underlying assets but have key differences. Futures are binding contracts where the buyer and seller are obligated to transact at a predetermined price and date. They carry unlimited profit and loss potential and require both parties to maintain margin. Options provide the buyer the right, but not the obligation, to buy (call) or sell (put) the asset. Option buyers pay a premium, which is their maximum loss. Sellers (writers), however, face unlimited risk. Futures are simpler to understand but riskier, while options are complex yet offer more flexibility. Futures suit traders with directional views and strong risk appetite. Options can be used to generate income (selling premium) or hedge portfolios. Understanding the payoff structure, Greeks (Delta, Theta, Vega), and pricing dynamics is key for success. Both tools are essential in modern trading strategies.","先物とオプションは、デリバティブ取引の二つの柱です。 どちらも原資産の価値に基づく契約ですが、重要な違いがあります。 先物は、買い手と売り手が所定の価格と日付で取引する義務がある拘束力のある契約です。 それらは無制限の利益および損失の潜在性を運び、両方の党に差益を維持するように要求する。 オプションは、買い手に資産を購入（コール）または売却（プット）する権利を提供しますが、義務ではありません。 オプションのバイヤーは、彼らの最大の損失である保険料を支払います。 しかし、売り手（作家）は無制限のリスクに直面しています。 先物は理解が簡単ですが、リスクが高く、オプションは複雑ですが、より柔軟性があります。 先物は、方向性のある見方と強いリスク選好度を持つトレーダーに適しています。 オプションは、収入（保険料の販売）またはヘッジポートフォリオを生成するために使用することができます。 ペイオフ構造、ギリシャ語（デルタ、シータ、ベガ）、および価格設定のダイナミクスを理解することは、成功の鍵です。 両方のツールは、現代の取引戦略に不可欠です。","Futures vs Options Explained","Compare futures and options contracts with examples for beginners.","futures trading, options contract, derivatives comparison",,"1","999999","default","active","32.00","5280.00","251.20","0.00",NULL,NULL,NULL,"4",NULL,NULL,"6","Beginner","ビギナー","44","A","A",NULL,NULL
"27","Call and Put Options","コールとプットのオプション","call-put-options","Call and Put options are contracts that give traders the right but not obligation to buy or sell an asset at a specific price before expiry. A Call option gives the buyer the right to buy, while a Put option gives the right to sell. These are used for hedging, speculation, and income strategies. For example, buying a call is profitable when prices rise; buying a put benefits when prices fall. The strike price, premium, expiry date, and lot size are key components. Option sellers (writers) have obligations and can face unlimited risk, while buyers only risk the premium paid. Calls and puts can be combined in strategies like straddles, spreads, and covered calls. They are widely used in Nifty, BankNifty, and stock derivatives trading. Mastering calls and puts allows flexible risk-reward setups and is essential for navigating the options market confidently and safely.","コールとプットオプションは、トレーダーに有効期限前に特定の価格で資産を購入または売却する権利ではなく義務を与える契約です。 コールオプションは買い手に購入する権利を与え、プットオプションは販売する権利を与えます。 これらは、ヘッジ、投機、および所得戦略のために使用されます。 価格が上昇したときに例えば、コールを購入することは有益です;価格が下落したときにプットの利点を購入. 行使価格、プレミアム、有効期限、およびロットサイズが重要な要素です。 オプション売り手（作家）には義務があり、無制限のリスクに直面する可能性がありますが、買い手は支払われた保険料のみを危険にさらします。 コールとプットは、ストラドル、スプレッド、カバーされたコールなどの戦略で組み合わせることができます。 それらは気の利いた、BankNiftyおよび標準的な派生物の取引で広く利用されています。 コールとプットをマスターすることで、柔軟なリスク報酬設定が可能になり、オプション市場を自信を持って安全にナビゲートするために不可欠です。","Options are divided into two types: Call and Put. A Call Option gives the holder the right to buy an asset at a fixed price within a set time, while a Put Option gives the right to sell. Traders use Call options when bullish and Put options when bearish. Each contract has components: strike price, premium, expiry, and lot size. Buying options is a limited-risk, high-reward strategy, while selling options provides steady income but involves significant risk. For example, if a stock is trading at ₹100, a trader may buy a Call Option at ₹105 strike, paying a premium of ₹2. If the stock rises to ₹110, the profit is ₹3 (₹110 - ₹105 - ₹2). Similarly, buying a Put at ₹95 strike would be profitable if the stock falls below ₹93. Understanding time decay, volatility, and option Greeks is crucial for effective option trading.","オプションは、コールとプットの2つのタイプに分けられます。 コールオプションは、保有者に設定された時間内に固定価格で資産を購入する権利を与え、プットオプションは売却する権利を与えます。 トレーダーは強気のときにコールオプションを使用し、弱気のときにオプ 各契約には、行使価格、プレミアム、有効期限、およびロットサイズのコンポーネントがあります。 オプションを購入することは、限られたリスク、高報酬の戦略ですが、オプションを販売することは安定した収入を提供しますが、重大なリスクを伴います。 たとえば、株式がtrading100で取引されている場合、トレーダーはCall105ストライクでコールオプションを購入し、premium2のプレミアムを支払うことができます。 株式がrises110に上昇した場合、利益は次のとおりです₹3 (₹110 - ₹105 - ₹2). 同様に、株式が₹93を下回った場合、Put95ストライキでプットを購入することは有益です。 時間減衰、ボラティリティ、およびオプションギリシャ人を理解することは、効果的なオプション取引のために重要です。","What Are Call and Put Options?","Learn the meaning and mechanics of call and put options in the derivatives market.","call option, put option, options trading",,"1","999999","default","active","34.00","5610.00","266.90","0.00",NULL,NULL,NULL,"4",NULL,NULL,"4","Beginner","ビギナー","32","A","A",NULL,NULL
"28","Option Chain Reading","オプションチェーンの読み取り","option-chain-reading","An option chain is a listing of all available option contracts for a particular stock or index, organized by strike price and expiry date. It displays data for call and put options, including last traded price (LTP), open interest (OI), change in OI, volume, and implied volatility (IV). Traders use option chains to gauge market sentiment and build strategies. High OI at a strike price often indicates strong resistance or support. PCR (Put-Call Ratio) is used to assess bullish or bearish bias. Changes in OI and volume signal interest or unwinding in positions. Tools like NSE’s option chain make this data easy to access. Combining option chain data with technical analysis improves decision-making. It helps in spotting potential reversals, breakouts, or consolidations. Mastering option chain reading is vital for effective options trading and understanding real-time market behavior and positioning.","オプションチェーンは、行使価格と有効期限によって整理された特定の株式またはインデックスのためのすべての利用可能なオプション契約のリ これは、最終取引価格（LTP）、建玉（OI）、OIの変化、ボリューム、およびインプライド*ボラティリティ（IV）を含むコールとプット*オプションのデータが表示されます。 トレーダーは、オプションチェーンを使用して市場のセンチメントを測定し、戦略を構築します。 行使価格での高いOIは、多くの場合、強い抵抗またはサポートを示します。 PCR（Put-Call Ratio）は、強気または弱気のバイアスを評価するために使用されます。 OIおよび容積信号の興味または位置のほどくことの変更。 NSEのオプションチェーンのようなツールを使用すると、このデータに簡単にアクセスできます。 オプションチェーンデータとテクニカル分析を組み合わせることで、意思決定が改善されます。 これは、潜在的な逆転、吹き出物、または統合をスポッティングに役立ちます。 効果的なオプション取引とリアルタイムの市場行動とポジショニングを理解するためには、オプションチェーンの読み取りをマスターすることが不可欠です。","An option chain is a real-time display of all available option contracts for a particular stock or index, categorized by expiry dates and strike prices. It helps traders assess market sentiment and plan strategies. Key elements include Open Interest (OI), Volume, Last Traded Price (LTP), Bid-Ask Spread, and Implied Volatility (IV). High OI and volume at a particular strike indicate support/resistance zones and popular strike levels. Option chains are vital for identifying potential breakout or breakdown levels. For example, if the Nifty 50 shows high call OI at 18,000, it may face resistance near that level. IV shows the market’s forecast of future volatility. Combining OI with price action helps formulate strategies like Covered Call, Iron Condor, or Bull Put Spread. Traders also track changes in OI to understand fresh positions. Reading option chains effectively provides an edge in decision-making and helps avoid traps.","オプションチェーンは、有効期限と行使価格によって分類され、特定の株式やインデックスのためのすべての利用可能なオプション契約のリアルタ これは、トレーダーが市場のセンチメントを評価し、戦略を計画するのに役立ちます。 主な要素には、建玉（OI）、ボリューム、最終取引価格（LTP）、ビッドアスクスプレッド、およびインプライドボラティリティ（IV）が含まれます。 特定のストライキでの高いOIとボリュームは、サポート/抵抗ゾーンと人気のあるストライキレベルを示しています。 オプションチェーンは、潜在的なブレイクアウトまたは故障レベルを識別するために不可欠です。 たとえば、Nifty50が18,000で高いコールOIを示している場合、そのレベルの近くで抵抗に直面する可能性があります。 IVは、将来のボラティリティの市場の予測を示しています。 OIと価格行動を組み合わせることで、カバーコール、アイアンコンドル、ブルプットスプレッドなどの戦略を策定するのに役立ちます。 トレーダーはまた、新鮮な位置を理解するためにOIの変化を追跡します。 オプションチェーンを読むことは、意思決定の優位性を効果的に提供し、トラップを回避するのに役立ちます。","How to Read an Option Chain","Learn to interpret option chains for strike price, premiums, and open interest.","option chain, option trading, strike price",,"1","999999","default","active","36.00","5940.00","282.60","0.00",NULL,NULL,NULL,"4",NULL,NULL,"6","Intermediate","中級","45","A","A",NULL,NULL
"29","Hedging Strategies","ヘッジ戦略","hedging-strategies","Hedging is a risk management strategy used to protect investments from adverse price movements. It involves taking an offsetting position in a related asset. Common hedging tools include options, futures, and inverse ETFs. For example, an investor holding stocks might buy put options to limit downside risk. Traders might use futures contracts to lock prices or create spread strategies to reduce volatility exposure. Covered calls, protective puts, and collars are popular hedging techniques. While hedging doesn’t eliminate risk entirely, it helps reduce the impact of unfavorable moves. It can also be used to protect profits in volatile markets. However, hedging involves costs (like option premiums) and may limit potential gains. Understanding market behavior, position size, and risk-reward trade-offs is essential before applying hedges. For long-term investors and short-term traders alike, strategic hedging brings stability and protects capital. It’s a critical skill for portfolio defense and disciplined investing.","ヘッジは、不利な価格変動から投資を保護するために使用されるリスク管理戦略です。 それは関連資産の相殺の位置を取ることを含む。 一般的なヘッジツールには、オプション、先物、および逆Etfが含まれます。 たとえば、株式を保有している投資家は、下振れリスクを制限するためにプットオプションを購入する可能性があります。 トレーダーは先物契約を使用して価格をロックしたり、ボラティリティのエクスポージャーを減らすためのスプレッド戦略を作成したりすることがあります。 カバーされた呼出し、保護は置き、つばは普及したヘッジの技術である。 ヘッジはリスクを完全に排除するわけではありませんが、不利な動きの影響を減らすのに役立ちます。 また、不安定な市場での利益を保護するために使用することができます。 ただし、ヘッジにはコスト（オプション保険料など）が含まれ、潜在的な利益を制限する可能性があります。 ヘッジを適用する前に、市場行動、ポジションサイズ、およびリスク報酬のトレードオフを理解することが不可欠です。 長期的な投資家と短期的なトレーダーにとって、戦略的ヘッジは安定性をもたらし、資本を保護します。 それは有価証券の防衛および訓練された投資のための重大な技術である。","Hedging is a risk management strategy used to offset potential losses in investments by taking opposite positions in related assets or derivatives. Common hedging instruments include futures, options, and inverse ETFs. For instance, a long position in a stock can be hedged by buying a Put Option or selling a Futures contract. Investors hedge to protect portfolios from downside risk, especially during uncertain markets or event-driven volatility. Delta hedging involves adjusting positions to maintain neutrality, while protective puts and covered calls are popular among retail traders. While hedging reduces potential losses, it also limits upside gains and comes at a cost (e.g., option premium). Effective hedging requires a clear understanding of correlation, risk exposure, and position sizing. For institutional players, portfolio insurance via index options is a standard practice. Retail traders must learn to hedge selectively and avoid over-hedging.","ヘッジは、関連する資産またはデリバティブの反対のポジションを取ることにより、投資の潜在的な損失を相殺するために使用されるリ 一般的なヘッジ手段には、先物、オプション、および逆Etfが含まれます。 例えば、株式のロングポジションは、プットオプションを購入したり、先物契約を販売することによってヘッジすることができます。 投資家は、特に不確実な市場やイベント駆動型のボラティリティの間に、ダウンサイドリスクからポートフォリオを保護するためにヘッジします。 デルタヘッジには中立性を維持するためにポジションを調整することが含まれますが、保護プットとカバーコールは小売トレーダーの間で人気があります。 ヘッジは潜在的な損失を減少させるが、それはまた、逆さまの利益を制限し、コスト（例えば、オプションプレミアム）が付属しています。 効果的なヘッジには、相関関係、リスクエクスポージャー、およびポジションのサイジングを明確に理解する必要があります。 機関投資家にとって、インデックスオプションによるポートフォリオ保険は標準的な慣行です。 小売業者は、選択的にヘッジし、過剰ヘッジを避けることを学ぶ必要があります。","Hedging Strategies Using Derivatives","Understand how to hedge risks in portfolios using futures and options strategies.","hedging in trading, risk management, options hedge",,"1","999999","default","active","38.00","6270.00","298.30","0.00",NULL,NULL,NULL,"4",NULL,NULL,"5","Beginner","ビギナー","39","A","A",NULL,NULL
"30","Margin Requirements","証拠金所要額","margin-requirements","Margin is the collateral a trader must deposit with a broker to enter leveraged positions in derivatives like futures and options. It ensures that the trader can cover potential losses. There are different types of margins: Initial Margin (required to open a position), Maintenance Margin (minimum to keep it open), and Mark-to-Market Margin (daily adjustment based on price movement). SEBI regulates margin rules to control risk and volatility. SPAN margin is calculated based on risk exposure and is updated daily. Lower margin requirements offer higher leverage but increase risk, especially during volatile market conditions. Margin trading can amplify gains but also magnifies losses. Traders must monitor margin levels to avoid forced liquidation. Using proper risk management—like stop losses, position sizing, and diversification—is essential when trading on margin. Beginners should start with fully funded trades and understand margin implications before leveraging. Awareness of margin rules helps maintain account safety and trading discipline.","証拠金とは、先物やオプションなどのデリバティブでレバレッジポジションを入力するために、トレーダーがブローカーに入金する必要がある担保です。 それはトレーダーが潜在的な損失をカバーできることを保証します。 証拠金には、初期証拠金（ポジションを開くために必要）、維持証拠金（オープンを維持するための最小値）、および市場間証拠金（価格の動きに基づく毎日の調整） SEBIは、リスクとボラティリティを制御するために証拠金規則を規制しています。 スパンマージンはリスクエクスポージャーに基づいて計算され、毎日更新されます。 証拠金要件が低いと、レバレッジは高くなりますが、特に不安定な市場状況ではリスクが増加します。 証拠金取引は利益を増幅するだけでなく、損失を拡大することができます。 トレーダーは強制清算を避けるために証拠金レベルを監視する必要があります。 証拠金で取引する際には、ストップロス、ポジションのサイジング、多様化などの適切なリスク管理を使用することが不可欠です。 初心者は、完全に資金提供された取引から始めて、活用する前に証拠金の影響を理解する必要があります。 証拠金ルールの意識は、口座の安全性と取引規律を維持するのに役立ちます。","Margin refers to the minimum funds required to open or maintain a leveraged trading position in derivatives. In Futures and Options, exchanges define initial and maintenance margin requirements to ensure trade security. Initial margin is the upfront amount needed to enter a trade, while maintenance margin is the minimum balance to keep the position open. Margin acts as a security deposit to cover potential losses. Margins vary depending on volatility, asset class, and trader profile. Brokers may also impose additional margin known as VAR (Value at Risk) or ELM (Extreme Loss Margin). If a position moves against the trader, a margin call may be triggered requiring funds to be added. Insufficient margin leads to automatic position squaring-off. Understanding margin dynamics is vital to avoid forced liquidation and manage leverage. Tools like SPAN calculator help estimate margin requirements before taking a trade. Wise margin management protects from unnecessary losses and ensures trading discipline.","証拠金とは、デリバティブのレバレッジ取引ポジションを開設または維持するために必要な最小資金を指します。 先物およびオプションでは、取引所は、貿易の安全性を確保するために、初期および維持証拠金要件を定義します。 初期証拠金は取引に入るために必要な前払い金額であり、維持証拠金はポジションを開いたままにするための最小残高です。 証拠金は、潜在的な損失をカバーするための保証金として機能します。 マージンは、ボラティリティ、資産クラス、およびトレーダーのプロファイルによって異なります。 ブローカーはまた、VAR（リスクのある価値）またはELM（極端な損失証拠金）として知られている追加の証拠金を課すことができます。 ポジションがトレーダーに対して移動した場合、マージンコールがトリガーされ、資金を追加する必要があります。 マージンが不足すると、自動位置二乗オフにつながります。 証拠金のダイナミクスを理解することは、強制清算を回避し、レバレッジを管理するために不可欠です。 SPAN calculatorのようなツールは、取引を行う前に証拠金要件を見積もるのに役立ちます。 賢明な証拠金管理は、不必要な損失から保護し、取引規律を保証します。","Understanding Margin Requirements","Learn about margin trading, leverage, and how brokers calculate margin requirements.","margin trading, leverage, broker margin",,"1","999999","default","active","40.00","6600.00","314.00","0.00",NULL,NULL,NULL,"4",NULL,NULL,"6","Beginner","ビギナー","42","A","A",NULL,NULL
"31","Open Interest & Volume","建玉＆ボリューム","open-interest-volume","Open Interest and Volume are crucial indicators in derivatives trading. Open Interest refers to the total number of open contracts, giving insight into market activity and strength of a price trend. Volume indicates the number of contracts traded during a particular time frame, showing interest in specific levels. Traders use both indicators to confirm breakouts, identify trend reversals, and gauge participation. A rising price with increasing volume and open interest suggests strong momentum, while divergence may signal a weakening trend. These indicators are often used in combination with technical patterns or candlestick analysis for more reliable entry and exit decisions. Understanding them helps avoid false signals and enhances precision.","建玉とボリュームは、デリバティブ取引における重要な指標です。 建玉とは、オープン契約の総数を指し、市場活動と価格動向の強さについての洞察を与えます。 ボリュームは、特定の時間枠の間に取引された契約の数を示し、特定のレベルへの関心を示します。 トレーダーは両方の指標を使用して、ブレイクアウトを確認し、トレンドの逆転を特定し、参加を測定します。 ボリュームと建玉の増加に伴う価格の上昇は、強い勢いを示唆していますが、発散は弱まる傾向を示す可能性があります。 これらの指標は、より信頼性の高い出入りの決定のために、技術的なパターンやローソク足分析と組み合わせて使用されることがよくあります。 それらを理解することは、誤った信号を回避し、精度を高めるのに役立ちます。","Open Interest and Volume are crucial metrics in the world of derivatives and technical trading. Open Interest (OI) refers to the total number of outstanding contracts that have not been settled. A rise in OI indicates new money coming into the market, suggesting strength in the current trend. A decline in OI may imply that the trend is losing momentum. Volume, on the other hand, represents the number of contracts traded in a particular time frame. It gives insight into market activity and trader interest. For example, rising prices with increasing volume and OI is considered a bullish signal. Conversely, falling prices on rising OI and volume can indicate strong bearishness. Traders often use the combination of OI and volume to confirm trends and reversals, especially in options and futures trading. Understanding how to interpret these figures allows traders to gauge market sentiment, avoid false signals, and make informed entry/exit decisions.","建玉とボリュームは、デリバティブやテクニカル取引の世界で重要な指標です。 建玉（OI）は、決済されていない未払いの契約の総数を指します。 OIの上昇は、新しいお金が市場に入ってくることを示し、現在の傾向の強さを示唆しています。 OIの低下は、トレンドが勢いを失っていることを意味する可能性があります。 一方、ボリュームは、特定の時間枠で取引された契約の数を表します。 これは、市場活動とトレーダーの関心への洞察を提供します。 たとえば、量の増加に伴う価格の上昇とOIは強気のシグナルと見なされます。 逆に、OIとボリュームの上昇による価格の下落は、強い弱気を示すことができます。 トレーダーは、多くの場合、特にオプションや先物取引で、傾向や逆転を確認するためにOIとボリュームの組み合わせを使用します。 これらの数字をどのように解釈するかを理解することで、トレーダーは市場のセンチメントを測定し、誤った信号を避け、情報に基づいた入","Understanding Open Interest and Volume in Trading","Learn how open interest and volume impact trading decisions in derivatives and stock markets.","open interest, volume analysis, trading volume, derivatives, stock trading",,"1","999999","default","active","22.00","3630.00","172.70","0.00",NULL,NULL,NULL,"4",NULL,NULL,"6","Intermediate","中級","48","A","A",NULL,NULL
"32","Nifty/BankNifty Trading","ニフティ/バンクニフティトレーディング","nifty-banknifty-trading","Nifty and BankNifty are index derivatives representing the top 50 companies and banking sector stocks on the NSE. They are popular for both intraday and positional trading due to high liquidity and volatility. Traders use technical indicators, chart patterns, and key economic news to analyze their movement. BankNifty typically reacts strongly to interest rate changes, RBI policies, and banking sector earnings, while Nifty reflects overall market sentiment. Index options are preferred for hedging, speculation, or momentum trading. Understanding price action, open interest, and institutional activity in these indices helps traders make informed decisions and manage risks effectively.","NiftyとBankNiftyは、NSEのトップ50企業と銀行部門の株式を表すインデックスデリバティブです。 流動性とボラティリティが高いため、日中取引とポジション取引の両方で人気があります。 トレーダーは、テクニカル指標、チャートパターン、および主要な経済ニュースを使用して、動きを分析します。 BankNiftyは通常、金利の変化、RBI政策、銀行部門の収益に強く反応しますが、Niftyは全体的な市場のセンチメントを反映しています。 インデックスオプションは、ヘッジ、投機、または勢い取引のために好まれています。 これらの指標における価格行動、建玉、制度的活動を理解することは、トレーダーが情報に基づいた意思決定を行い、リスクを効果的に管理するのに役立ちます。","Nifty and BankNifty are benchmark indices in the Indian stock market. Nifty represents the top 50 companies on the NSE, while BankNifty includes the top banking stocks. These indices are popular among traders due to high liquidity and volatility, making them suitable for intraday and short-term trades. Strategies for trading Nifty/BankNifty include breakout trading, options strategies like straddles/strangles, and trend-following using moving averages or RSI. Key things to watch are open interest buildup, institutional activity (FIIs/DII flows), and macroeconomic announcements. Since Nifty and BankNifty options expire weekly, traders often take advantage of theta decay and implied volatility changes around expiry. BankNifty is known for aggressive moves, while Nifty shows more stability. Mastering these indices requires backtesting strategies, proper position sizing, and real-time news monitoring. Many intraday traders prefer BankNifty due to its sharp directional movement, while positional traders lean towards Nifty for relative predictability.","ニフティとBankNiftyは、インドの株式市場のベンチマーク指標です。 NiftyはNSEの上位50社を代表し、BankNiftyには上位の銀行株式が含まれています。 これらの指標は、高い流動性とボラティリティのためにトレーダーの間で人気があり、日中および短期取引に適しています。 気の利いた/BankNiftyを取引するための戦略は、ブレイクアウト取引、ストラドル/絞首刑のようなオプション戦略、および移動平均またはRSIを使用してトレン 注目すべき重要なことは、建玉の蓄積、制度的活動（FIIs/DIIフロー）、およびマクロ経済の発表です。 気の利いたとBankNiftyオプションは毎週有効期限が切れるので、トレーダーは、多くの場合、有効期限の周りシータ減衰とインプライド*ボラティリティの変化を利 BankNiftyは攻撃的な動きで知られていますが、Niftyはより安定性を示しています。 これらの指標をマスターするには、バックテスト戦略、適切な位置のサイジング、およびリアルタイムのニュース監視が必要です。 多くの日中のトレーダーは、その鋭い方向性の動きのためにBankNiftyを好みますが、位置トレーダーは相対的な予測可能性のためにNiftyに傾いています。","Nifty and BankNifty Trading Strategies","Explore effective trading strategies and analysis for Nifty and BankNifty indices.","Nifty trading, BankNifty strategies, index trading, NSE, intraday trading",,"1","999999","default","active","24.00","3960.00","188.40","0.00",NULL,NULL,NULL,"4",NULL,NULL,"6","Beginner","ビギナー","47","A","A",NULL,NULL
"33","Basics of Intraday Trading","日中取引の基本","basics-intraday-trading","Intraday trading involves buying and selling stocks within the same trading day. The primary goal is to profit from short-term price movements using real-time technical analysis. Traders often rely on strategies like momentum trading, support-resistance breakout, moving averages, and volume analysis. Capital protection is vital, so risk management tools like stop-loss orders are essential. Key factors include volatility, liquidity, and timing. Emotional discipline and strict adherence to a plan differentiate successful traders. Market news, economic data, and sector performance can also influence intraday decisions. Platforms like TradingView assist in live charting and strategy testing.","日中の取引は、同じ取引日内に株式を売買することを含みます。 主な目標は、リアルタイムのテクニカル分析を使用して短期的な価格変動から利益を得ることです。 トレーダーは、多くの場合、勢い取引、サポート抵抗ブレイクアウト、移動平均、およびボリューム分析のような戦略に依存しています。 資本保護は不可欠であるため、ストップロス注文などのリスク管理ツールが不可欠です。 主な要因には、ボラティリティ、流動性、およびタイミングが含まれます。 感情的な規律と計画への厳格な遵守は、成功したトレーダーを区別します。 市場ニュース、経済データ、セクターのパフォーマンスも、日中の意思決定に影響を与える可能性があります。 TradingViewのようなプラットフォームは、ライブチャートやストラテジーテストを支援します。","Intraday trading involves buying and selling financial instruments within the same trading day. The goal is to capitalize on small price movements by entering and exiting positions quickly. It demands real-time decision-making, market analysis, and strict risk control. Key components include choosing the right stocks (high volume and volatility), setting target and stop-loss levels, and using indicators like VWAP, RSI, or Bollinger Bands. Intraday trading can be done manually or via algorithmic systems. Success depends on speed, discipline, and consistency. Unlike long-term investing, intraday traders avoid overnight risk but must manage intraday volatility. Capital allocation, trading psychology, and timing the entry and exit points are crucial. New traders should start with paper trading and gradually increase position sizes. Losses are inevitable, but they must be managed through proper stop-loss and trade journaling. Understanding market structure, timing (best hours: 9:30-11:30 AM), and avoiding overtrading are key to consistent gains.","日中取引には、同じ取引日内に金融商品を売買することが含まれます。 目標は、ポジションにすばやく出入りすることで、小さな価格の動きを活用することです。 リアルタイムの意思決定、市場分析、厳格なリスク管理が必要です。 主要なコンポーネントには、適切な株式（高ボリュームとボラティリティ）の選択、目標とストップロスのレベルの設定、VWAP、RSI、ボリンジャーバンドなどの指標の使用が含まれます。 日中の取引は、手動またはアルゴリズムシステムを介して行うことができます。 成功は速度、訓練および一貫性によって決まる。 長期的な投資とは異なり、日中のトレーダーは一晩のリスクを回避しますが、日中のボラティリティを管理する必要があります。 資本配分、取引心理学、および入り口と出口のタイミングが重要です。 新しいトレーダーは、紙の取引から始めて、徐々にポジションサイズを増やす必要があります。 損失は避けられませんが、適切なストップロスと貿易ジャーナリングを通じて管理する必要があります。 市場構造、タイミング（最高の時間：9:30-11:30AM）を理解し、オーバートレードを避けることは、一貫した利益の鍵です。","Beginner’s Guide to Intraday Trading","Understand the core concepts and techniques for successful intraday trading.","intraday trading, day trading, stock trading basics, trading strategies",,"1","999999","default","active","26.00","4290.00","204.10","0.00",NULL,NULL,NULL,"5",NULL,NULL,"5","Beginner","ビギナー","38","A","A",NULL,NULL
"34","Momentum Trading Techniques","モメンタム取引のテクニック","momentum-trading-techniques","Momentum trading focuses on identifying stocks moving with strong volume in a particular direction. Traders capitalize on ongoing trends until signs of reversal emerge. It’s commonly used in intraday and swing trading. Technical tools like RSI, MACD, moving averages, and breakout patterns help pinpoint entries. Stocks showing relative strength compared to broader indices are often targeted. Risk is managed through position sizing, stop-losses, and profit booking levels. Traders must act quickly and remain updated with news and events that can boost volatility. The strategy requires real-time monitoring and psychological discipline to execute efficiently.","勢い取引は、特定の方向に強い量で移動する株式を識別することに焦点を当てています。 トレーダーは、反転の兆候が現れるまで、継続的な傾向を活用します。 これは、一般的に日中やスイング取引で使用されています。 Rsi、MACD、移動平均、ブレイクアウトパターンなどの技術的なツールは、エントリを特定するのに役立ちます。 より広範な指標と比較して相対的な強さを示す株式は、多くの場合、対象となります。 リスクは、ポジションのサイジング、ストップロス、および利益予約レベルによって管理されます。 トレーダーは迅速に行動し、ボラティリティを高めることができるニュースやイベントで更新されたままでなければなりません。 戦略を効率的に実行するためには、リアルタイムの監視と心理的規律が必要です。","Momentum trading involves capitalizing on the strength of market trends. Traders identify stocks or indices showing strong price movement and ride the trend until signs of reversal appear. Techniques include using indicators like MACD, RSI, Moving Averages, and ADX to confirm momentum. Volume spikes, breakout patterns, and news catalysts often trigger momentum trades. Traders typically look for consolidation zones followed by breakout candles with high volume. Entry points are usually after a breakout, with stop-losses placed just below the consolidation range. Exit strategies involve trailing stops or exiting when momentum fades. Momentum trading suits volatile assets and short-to-medium timeframes. Risk management is crucial as sharp reversals can wipe out profits. Tools like TradingView or charting software help spot momentum setups. Intraday and swing traders commonly apply these strategies. Successful momentum trading depends on quick execution, discipline in exiting trades, and understanding how market sentiment drives short-term price movement.","勢いの取引は、市場動向の強さを活用することが含まれます。 トレーダーは、強い価格の動きを示す株式や指数を特定し、逆転の兆候が現れるまでトレンドに乗ります。 手法には、macd、RSI、移動平均、ADXなどの指標を使用して勢いを確認することが含まれます。 ボリュームスパイク、ブレイクアウトパターン、およびニュース触媒は、多くの場合、モメンタム取引をトリガーします。 トレーダーは通常、大量のブレークアウトキャンドルに続いて統合ゾーンを探します。 エントリーポイントは通常、ブレークアウトの後にあり、ストップロスは統合範囲のすぐ下に配置されます。 出口戦略には、勢いが薄れたときにトレーリングストップまたは終了することが含まれます。 モメンタム取引は、揮発性の資産と短-中の時間枠に適しています。 急激な逆転が利益を一掃する可能性があるため、リスク管理は非常に重要です。 TradingViewやチャートソフトウェアのようなツールは、勢いのセットアップを見つけるのに役立ちます。 日中およびスイングトレーダーは、一般的にこれらの戦略を適用します。 成功したモメンタム取引は、迅速な実行、取引を終了する際の規律、および市場の感情が短期的な価格の動きをどのように駆動するかを理解することに依存します。","Momentum Trading Strategies That Work","Discover key momentum trading techniques to capitalize on trending markets.","momentum trading, trading strategies, technical analysis, trend trading",,"1","999999","default","active","28.00","4620.00","219.80","0.00",NULL,NULL,NULL,"5",NULL,NULL,"5","Beginner","ビギナー","36","A","A",NULL,NULL
"35","Swing vs Position Trading","スイング対ポジション取引","swing-vs-position-trading","Swing trading involves holding trades for a few days to weeks, targeting short- to medium-term price movements, while position trading spans weeks to months, based on long-term trends or fundamentals. Swing traders rely heavily on technical indicators like MACD, RSI, and moving averages, whereas position traders may consider macroeconomic factors and company fundamentals. Swing trading requires more frequent market monitoring, while position trading allows more flexibility. Both approaches require risk management, trend analysis, and a defined trading plan. Choice depends on capital, risk appetite, and time availability for analysis and trade management.","ポジション取引は、長期的な傾向やファンダメンタルズに基づいて、数週間から数ヶ月にまたがる一方で、スイング取引は、短期から中期的な価格の動きをターゲットに、数日から数週間のための取引を保持することが含まれます。 スイングトレーダーは、macd、RSI、移動平均などのテクニカル指標に大きく依存していますが、ポジショントレーダーはマクロ経済要因や会社のファンダメンタルズ ポジション取引は、より柔軟性を可能にしながら、スイング取引は、より頻繁な市場監視を必要とします。 どちらのアプローチでも、リスク管理、トレンド分析、および定義された取引計画が必要です。 選択は、分析と貿易管理のための資本、リスクアペタイト、および時間の可用性に依存します。","Swing trading and position trading are medium- to long-term trading styles. Swing trading involves holding a position for a few days to weeks, aiming to capture short- to mid-term market movements. Traders rely heavily on technical analysis, chart patterns, and indicators to identify entry/exit points. They avoid overnight risk and often follow trends or trade reversals. Position trading, on the other hand, is a longer-term strategy where positions are held for weeks to months. This style focuses more on macroeconomic trends, fundamentals, and major technical levels. Position traders ignore short-term volatility and often ride large trends using smaller position sizes. While swing trading demands regular monitoring and faster execution, position trading requires patience and a higher capital base. Both styles require solid risk management. Swing trading offers more frequent opportunities and faster returns, while position trading builds wealth more slowly but steadily. Your style should depend on your risk appetite, capital, and time availability.","スイング取引とポジション取引は、中長期的な取引スタイルです。 スイング取引は、短期-中期的な市場の動きをキャプチャすることを目指して、数日から数週間のための位置を保持することを含みます。 トレーダーは、テクニカル分析、チャートパターン、および指標に大きく依存して、エントリ/出口ポイントを識別します。 彼らは一晩のリスクを避け、しばしば傾向や貿易の逆転に従います。 ポジション取引は、他の一方で、位置が数週間から数ヶ月のために保持されている長期的な戦略です。 このスタイルは、マクロ経済の動向、ファンダメンタルズ、および主要な技術レベルに焦点を当てています。 ポジショントレーダーは短期的なボラティリティを無視し、小さなポジションサイズを使用して大きなトレンドに乗ることがよくあります。 スイング取引は定期的な監視とより速い実行を必要としますが、ポジション取引は忍耐とより高い資本基盤を必要とします。 どちらのスタイルも堅実なリスク管理を必要とします。 ポジション取引は、よりゆっくりと、しかし着実に富を構築しながら、スイング取引は、より頻繁な機会とより速いリターンを提供しています。 あなたのスタイルは、リスク選好度、資本、および時間の可用性に依存する必要があります。","Swing Trading vs Position Trading Explained","Compare swing trading and position trading to choose the right approach.","swing trading, position trading, trading styles, investment strategy",,"1","999999","default","active","30.00","4950.00","235.50","0.00",NULL,NULL,NULL,"5",NULL,NULL,"7","Intermediate","中級","54","A","A",NULL,NULL
"36","Best Timeframes to Trade","取引するのに最適な時間枠","best-timeframes-to-trade","Timeframes are critical in defining trading strategies. Intraday traders often use 1-minute, 5-minute, and 15-minute charts to capture quick price movements. Swing traders rely on 1-hour, 4-hour, or daily charts to analyze medium-term trends. Position traders use weekly or monthly charts to study long-term market directions. Choosing the right timeframe depends on the trader’s style, goals, and risk tolerance. Multiple timeframe analysis—where traders check trends across various intervals—improves accuracy. Higher timeframes provide broader trend context, while lower ones offer precise entry/exit points. Balancing both helps refine strategy execution.","時間枠は、取引戦略を定義する上で重要です。 日中のトレーダーは、多くの場合、迅速な価格の動きをキャプチャするために1分、5分、および15分のチャートを使用します。 スイングトレーダーは、中期的な傾向を分析するために、1時間、4時間、または毎日のチャートに依存しています。 ポジショントレーダーは、長期的な市場の方向性を研究するために毎週または毎月のチャートを使用しています。 適切な時間枠を選択することは、トレーダーのスタイル、目標、およびリスク許容度に依存します。 トレーダーがさまざまな間隔でトレンドをチェックする複数の時間枠分析は、精度を向上させます。 より高い時間枠はより広い傾向の文脈を提供し、より低いものは正確な入口/出口ポイントを提供する。 両方のバランスをとることで、戦略の実行を改善できます。","Timeframes are critical in defining a trader’s strategy. Different types of traders use different timeframes based on their goals and risk appetite. Scalpers use 1-minute or 5-minute charts to capture very short price moves. Intraday traders often rely on 15-minute or 30-minute charts to plan entries and exits. Swing traders usually prefer the 1-hour or daily charts, while position traders look at daily, weekly, or monthly charts. The timeframe determines not only the speed and frequency of trades but also stop-loss size and capital allocation. For instance, lower timeframes generate more signals but also more noise and false breakouts. Higher timeframes offer more reliable setups but fewer opportunities. A multi-timeframe approach is often beneficial—e.g., spotting the trend on daily charts and entering trades on 1-hour or 15-minute charts. It's essential to backtest strategies across various timeframes and find one that matches your personality, time commitment, and capital size.","時間枠は、トレーダーの戦略を定義する上で重要です。 トレーダーの異なるタイプは、自分の目標とリスク選好に基づいて異なる時間枠を使用しています。 ダフ屋は非常に短い価格の動きを捕獲するのに1分か5分の図表を使用する。 日中のトレーダーは、多くの場合、エントリと終了を計画するために15分または30分のチャートに依存しています。 スイングトレーダーは通常、1時間または毎日のチャートを好み、ポジショントレーダーは毎日、毎週、または毎月のチャートを見ます。 時間枠は、取引の速度と頻度だけでなく、ストップロスのサイズと資本配分も決定します。 たとえば、より低い時間枠はより多くの信号を生成しますが、より多くのノイズと偽のブレイクアウトも生成します。 より高い時間枠は、より信頼性の高いセットアップを提供しますが、機会は少なくなります。 マルチタイムフレームアプローチは、多くの場合、有益である—例えば、毎日のチャート上の傾向をスポッティングし、1時間または15分のチャート上の取引を入力します。 さまざまな時間枠で戦略をバックテストし、あなたの性格、時間のコミットメント、および資本規模に一致する戦略を見つけることが不可欠です。","Choosing the Best Timeframes for Trading","Learn how to select the optimal timeframes for various trading styles.","trading timeframes, intraday charts, swing trading, chart analysis",,"1","999999","default","active","32.00","5280.00","251.20","0.00",NULL,NULL,NULL,"5",NULL,NULL,"6","Intermediate","中級","50","A","A",NULL,NULL
"37","Stop Loss & Target Strategy","ストップロス＆ターゲット戦略","stop-loss-target-strategy","Setting stop-loss and target levels is essential for disciplined trading. A stop-loss defines the maximum acceptable loss, while the target determines profit expectations. These levels should be based on technical factors like support/resistance, ATR, or chart patterns—not emotions. A good risk-to-reward ratio, typically 1:2 or higher, helps ensure long-term profitability even if only 50% of trades succeed. Consistency in using stop-losses prevents large drawdowns and protects capital. Target strategy helps lock in profits at predefined levels, reducing the temptation to overtrade. Both must be pre-decided before trade entry for objective decision-making.","ストップロスと目標レベルを設定することは、規律ある取引のために不可欠です。 ストップロスは許容可能な最大損失を定義し、ターゲットは利益の期待を決定します。 これらのレベルは、感情ではなく、サポート/抵抗、ATR、チャートパターンなどの技術的要因に基づいている必要があります。 通常は1:2以上の優れたリスク対報酬比率は、取引の50%のみが成功した場合でも、長期的な収益性を確保するのに役立ちます。 ストップロスを使用する際の一貫性は、大規模なドローダウンを防ぎ、資本を保護します。 ターゲット戦略は、事前に定義されたレベルで利益をロックするのに役立ち、過剰取引の誘惑を減らします。 どちらも、客観的な意思決定のために貿易参入の前に事前に決定されなければならない。","A stop-loss is a predetermined price at which a trade is exited to prevent further losses, while a target is the price at which a trader plans to book profit. Both are essential to any trading plan. A good strategy often uses the risk-reward ratio—for instance, risking ₹100 to make ₹300 (1:3 ratio). This ensures that even with a lower win rate, a trader can stay profitable. Placement of stop-loss should be logical, such as below support levels or above resistance zones—not arbitrary. Similarly, targets should align with the next key technical level. Dynamic strategies include trailing stop-loss, where the stop moves up as the price moves in your favor. Some traders prefer fixed targets, while others scale out of trades in parts. It’s important never to move your stop-loss in the hope of recovery. Consistently following your stop-loss and target rules enforces discipline and protects capital—two things every trader must preserve.","ストップロスは、さらなる損失を防ぐために取引が終了する所定の価格であり、ターゲットはトレーダーが利益を予約する予定の価格です。 どちらも、任意の取引計画に不可欠です。 良い戦略は、しばしばリスク報酬比を使用します-例えば、ris100を危険にさらして3 300（1：3の比率）を作ります。 これはより低い勝利率と、貿易業者が有益にとどまることができることを保障する。 ストップロスの配置は、サポートレベルの下や抵抗ゾーンの上など、論理的でなければなりません—任意ではありません。 同様に、ターゲットは次の重要な技術レベルと一致する必要があります。 動的戦略には、価格があなたに有利に動くにつれて停止が上昇するトレーリングストップロスが含まれます。 一部のトレーダーは固定ターゲットを好みますが、他のトレーダーは部分的に取引をスケールアウトします。 それは回復の希望であなたのストップロスを移動することは決して重要ではありません。 一貫してあなたのストップロスとターゲットルールに従うことは規律を強制し、資本を保護します—すべてのトレーダーが維持しなければならない2つのこと。","How to Set Stop Loss and Targets in Trading","Master risk-reward with effective stop loss and target setting techniques.","stop loss strategy, target setting, trading plan, risk management",,"1","999999","default","active","34.00","5610.00","266.90","0.00",NULL,NULL,NULL,"5",NULL,NULL,"4","Beginner","ビギナー","30","A","A",NULL,NULL
"38","Scalping Strategies","スキャルピング戦略","scalping-strategies","Scalping is a high-frequency trading technique where traders aim for small, consistent profits from multiple trades within minutes. It requires quick decision-making, strong focus, and a reliable internet connection. Popular instruments include highly liquid stocks or indices like Nifty. Technical tools like Level 2 data, moving averages, VWAP, and order flow help in identifying fast trades. Scalpers close positions quickly and avoid overnight risk. Risk management is strict—tight stop-losses and minimal holding times are essential. This strategy demands practice, psychological discipline, and precise execution to be successful.","スキャルピングは、トレーダーが数分以内に複数の取引からの小さな、一貫した利益を目指す高頻度取引技術です。 それは迅速な意思決定、強い焦点、および信頼性の高いインターネット接続が必要です。 人気のある商品には、流動性の高い株式やニフティのような指数が含まれます。 レベル2データ、移動平均、VWAP、注文フローなどの技術的なツールは、高速取引を識別するのに役立ちます。 ダフ屋はすぐに位置を閉め、夜通しの危険を避ける。 リスク管理は厳格であり、タイトなストップロスと最小限の保持時間が不可欠です。 この戦略は、成功するために練習、心理的な規律、および正確な実行を要求します。","Scalping is a high-frequency trading style where traders aim to profit from small price movements by executing multiple trades throughout the day. It requires excellent execution speed, low brokerage costs, and access to real-time data. Scalpers use 1-minute or 5-minute charts and often trade liquid stocks, Nifty/BankNifty, or forex pairs. Strategies include breakout scalping, range scalping, and trend-following scalps. Technical indicators like VWAP, Bollinger Bands, and Stochastic Oscillators are commonly used. Due to rapid trade execution, risk management is vital. Profits per trade are small, so volume and consistency matter. Slippage and spread must be minimal. Scalping is mentally exhausting and not ideal for beginners. It requires strict discipline, focus, and lightning-fast decision-making. Some scalpers automate their strategies using trading bots. While profits can add up quickly, losses can also multiply if not controlled. Proper journaling and reviewing trades frequently help refine techniques and avoid overtrading.","スキャルピングは、トレーダーが一日を通して複数の取引を実行することにより、小さな価格の動きから利益を得ることを目的とした高頻度の取引スタイ それは、優れた実行速度、低い仲介コスト、およびリアルタイムデータへのアクセスを必要とします。 ダフ屋は1分または5分のチャートを使用し、多くの場合、液体株式、気の利いた/BankNifty、または外国為替のペアを取引します。 戦略には、ブレークアウトスキャルピング、レンジスキャルピング、トレンドフォロースキャルプが含まれます。 Vwap、ボリンジャーバンド、確率発振器などのテクニカル指標が一般的に使用されています。 迅速な取引執行のために、リスク管理が不可欠です。 貿易あたりの利益は小さいので、量と一貫性が重要です。 滑りと広がりは最小限でなければなりません。 スキャルピングは精神的に疲れており、初心者には理想的ではありません。 それは厳密な訓練、焦点および電光石火の意思決定を要求する。 一部のダフ屋は、取引ボットを使用して戦略を自動化します。 利益はすぐに加算することができますが、制御されていない場合は損失も乗算することができます。 適切なジャーナリングと取引の見直しは、頻繁に技術を洗練し、オーバートレードを避けるのに役立ちます。","Scalping Strategies for Quick Profits","Explore fast-paced scalping techniques for high-frequency trading.","scalping, quick profits, intraday trading, high-frequency trading",,"1","999999","default","active","36.00","5940.00","282.60","0.00",NULL,NULL,NULL,"5",NULL,NULL,"6","Intermediate","中級","46","A","A",NULL,NULL
"39","Risk Management in Intraday","日中のリスク管理","risk-management-intraday","Risk management is vital in intraday trading due to market volatility. Traders must define the risk per trade, typically 1–2% of capital, and use stop-losses to limit losses. Proper position sizing, avoiding over-leverage, and sticking to a trading plan are key components. Diversifying trades across sectors reduces concentration risk. Emotional control—resisting revenge trading or overconfidence—is crucial. Setting daily profit and loss limits also helps maintain discipline. Risk-to-reward ratio, pre-trade planning, and continuous learning from past trades ensure long-term sustainability. Platforms like TradingView aid in risk analysis and performance tracking.","リスク管理は、市場のボラティリティのために日中の取引に不可欠です。 トレーダーは、取引ごとのリスク、通常は資本の1-2％を定義し、損失を制限するためにストップロスを使用する必要があります。 適切な位置のサイジング、オーバーレバレッジを回避し、取引計画に固執することが重要な要素です。 セクター間で取引を多様化することで、集中リスクが軽減されます。 感情的なコントロール—復讐の取引や自信過剰に抵抗する-が重要です。 毎日の利益と損失の制限を設定すると、規律を維持するのにも役立ちます。 リスク対報酬の比率、取引前の計画、および過去の取引からの継続的な学習は、長期的な持続可能性を確保します。 TradingViewのようなプラットフォームは、リスク分析とパフォーマンス追跡を支援します。","Risk management is the backbone of successful intraday trading. It ensures capital preservation and longevity in the markets. Traders should never risk more than 1–2% of their capital on a single trade. This prevents emotional decision-making and major drawdowns. Key techniques include position sizing, stop-loss placement, and diversification across instruments. Avoid trading based on tips or news without confirming with charts. Maintain a daily risk limit—e.g., stop trading for the day after 2 consecutive losses. Using trailing stops, avoiding revenge trades, and sticking to pre-defined setups help control emotional impulses. Journaling every trade with reason, outcome, and emotion helps improve strategy and identify behavioral patterns. Technology tools like TradingView alerts, Excel sheets, and brokerage reports can help track trades and exposure. Always have a plan for every trade and stick to it. Inconsistent risk management is the biggest reason intraday traders fail despite having good strategies.","リスク管理は、日中の取引を成功させるためのバックボーンです。 それは市場の資本保全そして長寿を保障します。 トレーダーは、単一の取引で資本の1-2％以上を危険にさらすべきではありません。 これにより、感情的な意思決定や主要なドローダウンが防止されます。 主なテクニックには、ポジションのサイジング、ストップロスの配置、および機器間の多様化が含まれます。 チャートで確認せずにヒントやニュースに基づいて取引を避けてください。 毎日のリスク制限を維持する-例えば、2連続損失の後の日のための取引を停止します。 トレーリングストップを使用して、復讐取引を回避し、事前に定義されたセットアップに固執することは、感情的な衝動を制御するのに役立ちます。 理由、結果、感情を持つすべての取引をジャーナリングすることは、戦略を改善し、行動パターンを特定するのに役立ちます。 TradingViewアラート、Excelシート、証券会社レポートなどのテクノロジーツールは、取引とエクスポージャーを追跡するのに役立ちます。 常にすべての貿易のための計画を持っているし、それに固執します。 一貫性のないリスク管理は、良い戦略を持っているにもかかわらず、日中のトレーダーが失敗する最大の理由です。","Risk Management Tips for Intraday Traders","Learn how to manage risks effectively during intraday trading sessions.","intraday risk management, trading discipline, stop loss, money management",,"1","999999","default","active","38.00","6270.00","298.30","0.00",NULL,NULL,NULL,"5",NULL,NULL,"5","Beginner","ビギナー","38","A","A",NULL,NULL
"40","Live Trade Analysis","ライブトレード分析","live-trade-analysis","Live trade analysis involves reviewing ongoing or recently completed trades in real-time. It helps traders learn from execution, entry/exit timing, adherence to plan, and emotional control. By analyzing trades live, traders can validate strategies, identify patterns, and avoid repeating mistakes. Platforms like TradingView offer replay features, real-time charting, and backtesting tools. Reviewing live trades also provides confidence in setups and highlights areas needing improvement. This process turns experience into structured learning, enhancing decision-making. Whether it’s a win or loss, every live trade offers insights to refine future performance.","ライブ取引分析には、進行中または最近完了した取引をリアルタイムで確認することが含まれます。 これは、トレーダーが実行、エントリ/出口のタイミング、計画への遵守、および感情的な制御から学ぶのに役立ちます。 ライブで取引を分析することで、トレーダーは戦略を検証し、パターンを特定し、ミスを繰り返すことを避けることができます。 TradingViewのようなプラットフォームでは、リプレイ機能、リアルタイムチャート作成、バックテストツールが提供されています。 ライブ取引を確認すると、セットアップに自信があり、改善が必要な領域が強調表示されます。 このプロセスは、経験を構造化された学習に変え、意思決定を強化します。 それは勝利か損失だかどうか、すべてのライブ貿易は、将来のパフォーマンスを洗練するための洞察を提供しています。","Live trade analysis involves reviewing actual trades in real-time or post-market to improve strategies, refine execution, and build trading discipline. It includes assessing why a trade was taken, the setup involved, risk-reward ratio, entry/exit points, and whether the trade followed your plan. Recording live trades via screen-recording tools or using brokerage statements can help with analysis. Important factors to evaluate include: Did the trade align with your technical/fundamental criteria? Was the timing right? Were the stop-loss and target properly set? Was the trade exited due to emotion or strategy? Over time, this analysis creates a personal playbook that strengthens confidence and reduces repeated mistakes. Many professional traders maintain a trade log to review performance weekly. Live analysis also helps in real-time learning, such as identifying new patterns or market behaviors. The more detailed your analysis, the more you'll improve. Continuous self-feedback is the only way to become a consistent trader.","ライブトレード分析では、戦略を改善し、実行を洗練し、取引規律を構築するために、リアルタイムまたは市場後の実際の取引を見直すことが含まれます。 これには、取引が行われた理由、関連するセットアップ、リスク報酬比、エントリ/出口ポイント、および取引があなたの計画に従ったかどうかの評価が含まれます。 画面記録ツールを介してライブ取引を記録したり、証券取引明細書を使用して分析を支援することができます。 評価すべき重要な要素は次のとおりです。貿易はあなたの技術的/基本的な基準と一致していましたか? タイミングは正しかったですか？ ストップロスとターゲットは適切に設定されていましたか？ 貿易は感情や戦略のために終了しましたか？ 時間の経過とともに、この分析は自信を強化し、繰り返されるミスを減らす個人的な脚本を作成します。 多くの専門の貿易業者は性能を毎週見直すために貿易丸太を維持する。 ライブ分析は、新しいパターンや市場の行動を特定するなど、リアルタイムの学習にも役立ちます。 より詳細な分析は、より多くのあなたが改善されます。 継続的な自己フィードバックは、一貫性のあるトレーダーになるための唯一の方法です。","Real-Time Trade Analysis for Traders","Understand how to evaluate trades live and improve decision-making skills.","live trade analysis, trade review, stock market decisions, intraday",,"1","999999","default","active","40.00","6600.00","314.00","0.00",NULL,NULL,NULL,"5",NULL,NULL,"6","Intermediate","中級","48","A","A",NULL,NULL
"41","Building Investment Portfolios","投資ポートフォリオの構築","building-investment-portfolios","Building investment portfolios involves strategically selecting a mix of assets to match financial goals and risk tolerance. It includes diversification across sectors, asset types, and geographies. Investors should consider time horizons, investment objectives, and market conditions. A balanced portfolio typically contains equity, debt, and other instruments to mitigate risks and enhance returns over time.","投資ポートフォリオの構築には、財務目標とリスク許容度に合わせて資産の組み合わせを戦略的に選択することが含まれます。 これには、セクター、資産タイプ、および地域間の多様化が含まれます。 投資家は、時間軸、投資目的、および市場の状況を考慮する必要があります。 バランスのとれたポートフォリオには、通常、リスクを軽減し、時間の経過とともにリターンを向上させるための株式、負債、およびその他の商品が含まれています。","Building an investment portfolio involves selecting a mix of assets such as equities, bonds, mutual funds, and cash equivalents to achieve specific financial goals. The key to portfolio building is diversification—spreading investments across asset classes and sectors to minimize risk. A well-structured portfolio reflects the investor’s risk tolerance, investment horizon, and financial objectives. For beginners, allocating funds based on age and income is advisable. For example, younger investors may choose a higher equity exposure due to their long investment horizon. Portfolios can be categorized as conservative, moderate, or aggressive. Rebalancing is critical to ensure the asset allocation remains aligned with the investor’s goals, especially during market fluctuations. Portfolio building also includes evaluating individual instruments’ past performance, consistency, and future potential. Investing in index funds and ETFs can also provide cost-effective diversification. Overall, a disciplined, long-term strategy helps create a robust investment portfolio that grows wealth steadily.","投資ポートフォリオの構築には、特定の財務目標を達成するために、株式、債券、投資信託、現金同等物などの資産の組み合わせを選択することが含まれます。 ポートフォリオ構築の鍵は多様化であり、リスクを最小限に抑えるために資産クラスやセクターに投資を分散させます。 よく構造化されたポートフォリオは、投資家のリスク許容度、投資の地平線、および財務目標を反映しています。 初心者の方は、年齢と収入に基づいて資金を配分することをお勧めします。 たとえば、若い投資家は、長い投資期間のために、より高い株式エクスポージャーを選択する可能性があります。 ポートフォリオは、保守的、中程度、または積極的に分類することができます。 リバランスは、特に市場の変動時に、資産配分が投資家の目標と一致したままであることを保証するために重要です。 ポートフォリオ構築には、個々の機器の過去のパフォーマンス、一貫性、および将来の可能性の評価も含まれます。 インデックスファンドやEtfへの投資は、費用対効果の高い多様化を提供することができます。 全体として、規律のある長期的な戦略は、富を着実に成長させる堅牢な投資ポートフォリオを作成するのに役立ちます。","How to Build a Strong Investment Portfolio","A step-by-step guide to creating a diversified and resilient investment portfolio.","investment portfolio, diversification, asset allocation, wealth building",,"1","999999","default","active","22.00","3630.00","172.70","0.00",NULL,NULL,NULL,"6",NULL,NULL,"6","Beginner","ビギナー","44","A","A",NULL,NULL
"42","Understanding Mutual Funds","投資信託の理解","understanding-mutual-funds","Mutual funds pool money from multiple investors to invest in diversified asset classes. Managed by professional fund managers, mutual funds offer accessibility, diversification, and liquidity. Types include equity, debt, hybrid, and index funds. Investors must evaluate expense ratios, past performance, and fund objectives before investing. Mutual funds are suitable for long-term wealth creation.","投資信託は、多様な資産クラスに投資するために、複数の投資家からお金をプールします。 プロのファンドマネージャーによって管理され、投資信託は、アクセシビリティ、多様化、および流動性を提供します。 タイプには、エクイティ、デット、ハイブリッド、インデックスファンドが含まれます。 投資家は、投資する前に経費率、過去の実績、および資金目標を評価する必要があります。 投資信託は、長期的な富の創造に適しています。","Mutual funds are pooled investment vehicles managed by professional fund managers. They collect money from multiple investors and invest in stocks, bonds, or other securities based on the fund’s objective. There are various types of mutual funds—equity, debt, hybrid, ELSS (tax-saving), index funds, and more—each with different risk-return profiles. Mutual funds offer diversification, professional management, liquidity, and access to various sectors and assets. They can be actively managed (where the fund manager makes decisions) or passively managed (such as index funds that track benchmarks). Returns are subject to market performance and expense ratios. Investors should review fund fact sheets, past returns, fund manager history, and asset allocation before investing. SIPs (Systematic Investment Plans) allow investors to invest small amounts regularly, promoting financial discipline. Mutual funds are ideal for new investors looking to gain exposure to the markets without directly selecting individual stocks or bonds.","投資信託は、プロのファンドマネージャーによって管理された投資車をプールされています。 彼らは複数の投資家からお金を集め、ファンドの目的に基づいて株式、債券、またはその他の有価証券に投資します。 投資信託の様々な種類があります—株式、債務、ハイブリッド、ELSS（節税）、インデックスファンド、およびより-異なるリスクリターンプロファイルを持つそれぞれ。 投資信託は、多様化、専門的な管理、流動性、および様々な分野や資産へのアクセスを提供しています。 彼らは積極的に管理することができます(ファンドマネージャーが意思決定を行う場所)または受動的に管理する(ベンチマークを追跡するインデックスファンドなど)。 返品は、市場のパフォーマンスと経費率の対象となります。 投資家は、投資する前に、ファンドファクトシート、過去のリターン、ファンドマネージャーの履歴、および資産配分を確認する必要があります。 SIPs（体系的な投資計画）は、投資家が定期的に少量を投資することを可能にし、財務規律を促進します。 投資信託は、直接個々の株式や債券を選択することなく、市場への露出を得るために探している新しい投資家のための理想的です。","Introduction to Mutual Funds for Beginners","Learn what mutual funds are, their types, and how to invest in them.","mutual funds, mutual fund types, investment, SIP, NAV",,"1","999999","default","active","24.00","3960.00","188.40","0.00",NULL,NULL,NULL,"6",NULL,NULL,"7","Intermediate","中級","50","A","A",NULL,NULL
"43","SIPs and Index Investing","SIPsとインデックス投資","sips-index-investing","Systematic Investment Plans (SIPs) allow disciplined investing in mutual funds with fixed amounts at regular intervals. Index investing involves tracking benchmark indices like Nifty or Sensex through index funds or ETFs. Both approaches focus on consistency, low costs, and long-term compounding. Ideal for beginners seeking passive investing with low market timing risk.","体系的な投資計画（Sip）は、定期的に一定量の投資信託に規律投資を可能にします。 インデックス投資には、インデックスファンドやEtfを通じてNiftyやSensexのようなベンチマーク指標を追跡することが含まれます。 どちらのアプローチも、一貫性、低コスト、および長期的な配合に焦点を当てています。 低い市場のタイミングの危険の受動の投資を追求している初心者のための理想。","SIPs (Systematic Investment Plans) allow investors to invest fixed amounts periodically in mutual funds. SIPs promote financial discipline, benefit from rupee cost averaging, and compound returns over time. Even small monthly investments can grow into substantial wealth due to the power of compounding. SIPs are ideal for salaried individuals who prefer regular investing without timing the market. On the other hand, index investing refers to investing in mutual funds or ETFs that track a specific market index like Nifty 50 or Sensex. Index investing is a passive investment strategy, typically offering lower costs and consistent returns. Since it mirrors the performance of an index, there’s less risk of underperformance due to poor fund management. Combining SIPs with index investing is a simple and effective way to build long-term wealth. This approach suits investors looking for low-maintenance, low-cost, and market-beating returns over the long run.","SIPs（体系的な投資計画）は、投資家が投資信託に定期的に固定金額を投資することができます。 Sipは財政の訓練、ルピーの費用の平均化からの利点、および混合のリターンをそのうちに促進する。 小さな毎月の投資でさえ、配合の力のために実質的な富に成長することができます。 SIPsは、市場のタイミングなしに定期的な投資を好むサラリーマンの個人に最適です。 一方、インデックス投資は、ニフティ50やSensexのような特定の市場指数を追跡する投資信託やEtfへの投資を指します。 インデックス投資は受動的な投資戦略であり、通常は低コストと一貫したリターンを提供します。 インデックスのパフォーマンスを反映しているため、資金管理が不十分なためにパフォーマンスが低下するリスクが少なくなります。 指数投資と一口を組み合わせることは、長期的な富を構築するためのシンプルで効果的な方法です。 このアプローチは、長期的に低メンテナンス、低コスト、および市場を打つリターンを探している投資家に適しています。","SIP and Index Fund Investing Guide","Learn the benefits of SIPs and index investing for long-term wealth.","SIP investment, index funds, passive investing, long-term wealth",,"1","999999","default","active","26.00","4290.00","204.10","0.00",NULL,NULL,NULL,"6",NULL,NULL,"6","Intermediate","中級","46","A","A",NULL,NULL
"44","Dividend Investing","配当投資","dividend-investing","Dividend investing focuses on stocks that pay regular dividends. These returns, in addition to price appreciation, provide passive income and reduce portfolio volatility. Companies with consistent earnings and strong balance sheets are preferred. Dividend yields, payout ratios, and growth potential must be analyzed. Suitable for conservative investors and long-term income planning.","配当投資は、定期的な配当を支払う株式に焦点を当てています。 これらのリターンは、価格上昇に加えて、受動的所得を提供し、ポートフォリオのボラティリティを低減します。 一貫した収益と強力なバランスシートを持つ企業が好まれます。 配当利回り、配当性向、および成長の可能性を分析する必要があります。 保守的な投資家および長期収入の計画のために適した。","Dividend investing focuses on purchasing stocks that pay regular dividends—cash payments to shareholders from company profits. This strategy provides both income and potential capital appreciation. Investors often target established, financially stable companies with a track record of consistent dividend payouts. Dividend yield, payout ratio, and dividend history are key metrics to evaluate. Dividend investing suits individuals seeking passive income or aiming to reinvest dividends for compounding. Reinvested dividends can significantly enhance total returns over time. It also offers stability during market downturns, as dividend-paying stocks tend to be less volatile. Sectors like utilities, FMCG, and banking often host good dividend stocks. However, investors must ensure the company’s financials support future dividends. Dividend investing is not just about high yields—it’s about sustainability. Long-term dividend growth investing, where dividends increase year after year, can be a powerful wealth creation strategy with relatively lower risk.","配当投資は、会社の利益から株主への現金支払いである定期的な配当を支払う株式の購入に焦点を当てています。 この戦略は、収入と潜在的な資本増価の両方を提供します。 投資家は、多くの場合、一貫した配当支払いの実績を持つ確立された、財政的に安定した企業を対象としています。 配当利回り、配当性向、および配当履歴は、評価する重要な指標です。 配当投資は、受動的所得を求めている、または配合のために配当を再投資することを目指している個人に適しています。 再投資された配当は、時間の経過とともにトータルリターンを大幅に向上させることができます。 また、配当金を支払う株式は揮発性が低くなる傾向があるため、市場の低迷時の安定性も提供します。 ユーティリティ、FMCG、および銀行のようなセクターは、多くの場合、良い配当株をホストします。 ただし、投資家は、会社の財務が将来の配当をサポートすることを確認する必要があります。 配当投資は、高利回りだけではなく、持続可能性についてです。 配当金が年々増加する長期的な配当成長投資は、比較的リスクの低い強力な富の創造戦略になる可能性があります。","Dividend Investing: Grow Wealth with Returns","Understand how dividend stocks can provide steady income and capital appreciation.","dividend investing, income investing, dividend yield, stock market",,"1","999999","default","active","28.00","4620.00","219.80","0.00",NULL,NULL,NULL,"6",NULL,NULL,"6","Intermediate","中級","42","A","A",NULL,NULL
"45","Value vs Growth Stocks","値対成長株","value-vs-growth-stocks","Value stocks are typically undervalued with strong fundamentals, offering long-term appreciation. Growth stocks exhibit high earnings potential and reinvest profits to expand rapidly. While value stocks may provide dividends and stability, growth stocks tend to be volatile but rewarding. Investors must align choices with goals, risk appetite, and market conditions.","バリュー株は、典型的には、長期的な感謝を提供し、強力なファンダメンタルズで過小評価されています。 成長株は高い収益の可能性を示し、急速に拡大するために利益を再投資します。 バリュー株は配当と安定性を提供する可能性がありますが、成長株は揮発性が、やりがいのある傾向があります。 投資家は、目標、リスク選好度、および市場の状況に合わせて選択を調整する必要があります。","Value and growth are two primary investing styles. Value stocks are undervalued companies trading below their intrinsic worth, often identified using metrics like low P/E, P/B, and high dividend yield. They tend to be established firms with stable earnings. Investors expect the market to eventually recognize their true value, resulting in price appreciation. On the other hand, growth stocks belong to companies with strong future potential and above-average earnings growth. These stocks reinvest profits and rarely pay dividends. While growth stocks can deliver high returns, they come with higher volatility and valuation risks. Investors must assess their risk tolerance and investment horizon before choosing a style. Value investing suits conservative investors seeking steady returns with margin of safety, whereas growth investing is more suited to aggressive investors targeting high capital gains. Many portfolios combine both styles to balance risk and reward. Timing and market conditions often influence which strategy outperforms.","価値と成長は、2つの主要な投資スタイルです。 バリュー株は、多くの場合、低P/E、P/B、および高配当利回りのような指標を使用して識別され、その本質的な価値の下で取引過小評価された企業です。 彼らは安定した収益を持つ確立された企業である傾向があります。 投資家は、市場が最終的に彼らの真の価値を認識し、価格上昇をもたらすことを期待しています。 一方、成長株は、将来の可能性が高く、平均以上の収益成長率を持つ企業に属しています。 これらの株式は利益を再投資し、配当金を支払うことはめったにありません。 成長株は高いリターンを提供することができますが、彼らはより高いボラティリティと評価リスクが付属しています。 投資家は、スタイルを選択する前に、リスク許容度と投資の地平線を評価する必要があります。 バリュー投資は、安全性のマージンで安定したリターンを求める保守的な投資家に適していますが、成長投資は高いキャピタルゲインを目標とする積極的な投資家に適しています。 多くのポートフォリオは、リスクと報酬のバランスをとるために両方のスタイルを組み合わせています。 タイミングと市場の状況は、多くの場合、どの戦略が優れているかに影響します。","Value Stocks vs Growth Stocks: Key Differences","Compare value and growth investing strategies to find your fit.","value stocks, growth stocks, investment strategy, long-term investing",,"1","999999","default","active","30.00","4950.00","235.50","0.00",NULL,NULL,NULL,"6",NULL,NULL,"5","Intermediate","中級","40","A","A",NULL,NULL
"46","Compounding and Wealth Creation","配合と富の創造","compounding-wealth-creation","Compounding is the process where earnings generate more earnings. Reinvesting returns allows wealth to grow exponentially over time. Starting early, staying consistent, and being patient are key to leveraging compounding. It rewards long-term investors and is effective in SIPs, stocks, or mutual funds. Discipline amplifies compounding’s power significantly.","配合は、収益がより多くの収益を生み出すプロセスです。 リターンを再投資することで、富は時間の経過とともに指数関数的に成長することができます。 配合を活用するには、早期に開始し、一貫性を保ち、忍耐強くなることが重要です。 これは、長期的な投資家に報酬を与え、一口、株式、または投資信託に効果的です。 規律はコンパウンディングの力を大幅に増幅します。","Compounding is the process of earning returns on both the initial principal and the accumulated earnings. It is a cornerstone of long-term wealth creation. The earlier one starts investing, the more they benefit from compounding due to the exponential growth over time. For example, an investment of ₹5,000 monthly growing at 12% annually can turn into over ₹1 crore in 20 years. This highlights the importance of consistency and patience. SIPs in mutual funds, reinvested dividends, and long-term stock holdings all leverage compounding. Avoiding premature withdrawals and staying invested even during downturns allows compounding to work unhindered. Financial discipline, realistic goal setting, and a clear investment strategy enhance compounding benefits. It is important to avoid chasing quick returns and instead focus on time in the market rather than timing the market. Compounding transforms small, regular contributions into significant wealth over time.","配合は、最初の元本と累積収益の両方でリターンを獲得するプロセスです。 それは長期的な富の創造の礎石です。 以前のものは、投資を開始し、より多くの彼らは時間をかけて指数関数的な成長のために配合から利益を得ます。 たとえば、毎月5,000ドルの投資が毎年12％で成長すると、20年で1億ドル以上になる可能性があります。 これは、一貫性と忍耐の重要性を強調しています。 投資信託の一口、再投資配当、および長期的な株式保有は、すべての配合を活用しています。 時期尚早の引き出しを避け、下降中でも投資を続けることで、配合が妨げられずに機能するようになります。 財政の訓練、現実的な目的の設定および明確な投資の作戦は利点を混合することを高める。 速いリターンを追跡することを避け、代りに市場の時間に焦点を合わせるよりもむしろ市場のタイミングを計ることは重要である。 配合は、時間をかけて重要な富に小さな、定期的な貢献を変換します。","Power of Compounding in Wealth Building","Discover how compounding helps in achieving long-term financial goals.","compounding, wealth creation, investment growth, financial planning",,"1","999999","default","active","32.00","5280.00","251.20","0.00",NULL,NULL,NULL,"6",NULL,NULL,"6","Intermediate","中級","44","A","A",NULL,NULL
"47","ELSS and Tax-Saving Investments","ELSSと節税投資","elss-tax-saving-investments","Equity Linked Saving Schemes (ELSS) are mutual funds eligible for tax benefits under Section 80C. They have a lock-in of 3 years and invest primarily in equities. ELSS offers tax efficiency and potential for high returns. Other tax-saving options include PPF, NPS, and ULIPs. Investors should consider lock-in, risk, and liquidity.","エクイティ-リンク-セービング-スキーム（ELSS）は、セクション80Cの下で税制上の優遇措置の対象となる投資信託であり、3年のロックインを持ち、主に株式に投資 ELSSは高いリターンのための税効率そして潜在性を提供する。 その他の節税オプションには、PPF、NPS、およびULIPsが含まれます。 投資家は、ロックイン、リスク、および流動性を考慮する必要があります。","Equity Linked Savings Schemes (ELSS) are mutual funds offering tax deductions under Section 80C of the Income Tax Act, up to ₹1.5 lakh annually. ELSS funds invest primarily in equities and have a lock-in period of three years—the shortest among tax-saving instruments. They offer the dual benefit of wealth creation and tax saving. Since ELSS is market-linked, returns can vary, but historically they have outperformed traditional tax-saving products like PPF and FD. Investors can opt for lump-sum or SIP mode. ELSS also allows compounding to play a vital role if investments are held beyond the lock-in period. Other tax-saving investments include PPF, NPS, tax-saving FDs, and ULIPs. ELSS suits young investors with high risk tolerance looking for tax efficiency and long-term growth. Diversifying across multiple 80C options based on risk and liquidity needs is advisable. Always compare past performance, fund ratings, and risk ratios before investing.","エクイティリンク貯蓄スキーム（ELSS）は、所得税法のセクション80Cの下で税控除を提供する投資信託であり、年間1 1.5lakhまでです。 ELSSファンドは、主に株式に投資し、節税商品の中で最短のロックイン期間を持っています。 彼らは富の創造と節税の二重の利点を提供します。 ELSSは市場に連動しているため、返品はさまざまですが、歴史的にはPPFやFDなどの従来の節税製品よりも優れています。 投資家は一括払いまたはSIPモードを選ぶことができます。 ELSSはまた、投資がロックイン期間を超えて保持されている場合、複合化が重要な役割を果たすことを可能にします。 その他の節税投資には、PPF、NPS、節税FDs、およびULIPsが含まれます。 ELSSは、税務効率と長期的な成長を求めているリスク許容度の高い若い投資家に適しています。 リスクと流動性のニーズに基づいて複数の80Cオプションを多様化することをお勧めします。 投資する前に、常に過去のパフォーマンス、ファンドの格付け、およびリスク比を比較してください。","ELSS Funds and Tax Saving Options Explained","Learn about ELSS funds and other tax-saving instruments under Section 80C.","ELSS, tax saving, 80C investments, mutual funds, tax planning",,"1","999999","default","active","34.00","5610.00","266.90","0.00",NULL,NULL,NULL,"6",NULL,NULL,"4","Beginner","ビギナー","36","A","A",NULL,NULL
"48","Building Retirement Portfolios","退職ポートフォリオの構築","building-retirement-portfolios","Retirement portfolios should be low-risk, income-generating, and inflation-proof. A mix of equity, debt, and annuities is often recommended. Asset allocation should shift toward conservative instruments as retirement nears. Regular reviews, SIPs, and long-term planning are essential. Retirement portfolios ensure financial independence and sustained living standards post-retirement.","退職ポートフォリオは、低リスク、収入生成、およびインフレ防止でなければなりません。 株式、負債、および年金のミックスは、多くの場合、推奨されます。 資産配分は、退職が近づくにつれて保守的な手段にシフトする必要があります。 定期的なレビュー、一口、および長期的な計画が不可欠です。 退職ポートフォリオは、経済的自立と退職後の持続的な生活水準を確保します。","Retirement portfolios are designed to provide financial stability during post-working years. The goal is to ensure that one doesn’t outlive their savings while maintaining the desired lifestyle. Building such a portfolio begins with estimating retirement age, life expectancy, and monthly expenses. Based on these, the corpus needed is calculated. Asset allocation should change with age—higher equity exposure during early years and shifting to debt and fixed-income instruments closer to retirement. SIPs in mutual funds, NPS, PPF, and long-term stocks can be ideal during accumulation years. Post-retirement, the focus should shift to low-risk instruments that generate regular income such as annuities, senior citizen savings schemes, and dividend-paying stocks. Regular portfolio reviews, accounting for inflation, and healthcare needs are crucial. Investors must also consider building emergency funds and adequate insurance coverage. Planning retirement early and reviewing it periodically ensures a stress-free financial future.","退職ポートフォリオは、勤務後の年の間に金融の安定性を提供するように設計されています。 目標は、希望のライフスタイルを維持しながら、貯蓄よりも長生きしないようにすることです。 このようなポートフォリオを構築することは、退職年齢、平均余命、および毎月の費用を見積もることから始まります。 これらに基づいて、必要なコーパスが計算されます。 資産配分は、年齢とともに変化するはずです—初期の間に高い株式エクスポージャーと退職に近い債務および債券商品へのシフト。 投資信託、NPS、PPF、および長期的な株式の一口は、蓄積年の間に理想的なことができます。 退職後、焦点は、年金、高齢者貯蓄制度、配当金を支払う株式などの定期的な収入を生み出す低リスクの商品にシフトする必要があります。 定期的なポートフォリオレビュー、インフレの会計処理、および医療ニーズは非常に重要です。 投資家はまた、緊急資金と適切な保険を構築することを検討する必要があります。 退職を早期に計画し、定期的に見直すことで、ストレスのない財政的未来が保証されます。","Building a Secure Retirement Portfolio","Tips on creating a retirement-focused investment portfolio for the future.","retirement planning, retirement portfolio, pension funds, long-term investing",,"1","999999","default","active","36.00","5940.00","282.60","0.00",NULL,NULL,NULL,"6",NULL,NULL,"6","Intermediate","中級","45","A","A",NULL,NULL
"49","Managing Emotions While Trading","取引中の感情の管理","managing-emotions-trading","Emotional discipline is critical in trading. Greed, fear, and impatience often lead to impulsive decisions and losses. Traders must follow strategies with stop-losses and targets. Journaling trades, meditating, or taking breaks helps manage emotions. Success comes from controlling reactions, not markets. Emotional control enhances consistency and profitability.","感情的な規律は取引において重要です。 貪欲、恐れ、焦りはしばしば衝動的な決定と損失につながります。 トレーダーは、ストップロスとターゲットを持つ戦略に従わなければなりません。 取引をジャーナリング、瞑想、または休憩を取ることは、感情を管理するのに役立ちます。 成功は、市場ではなく、反応を制御することから来ています。 感情的な制御は一貫性および収益性を高める。","Emotional discipline is one of the hardest yet most crucial aspects of trading. Fear and greed can lead to impulsive decisions, overtrading, or holding onto losses. Traders often let emotions override analysis, especially during volatile market conditions. Managing emotions begins with having a well-defined trading plan, clear entry/exit rules, and sticking to position sizing. Using stop-loss orders can help prevent large drawdowns. Traders must detach themselves from money and treat trading as a probability game rather than an emotional ride. Journaling trades, reviewing performance, and learning from mistakes can improve emotional control. Mindfulness techniques like deep breathing or taking breaks during stressful trading days can help. Practicing gratitude, building mental resilience, and avoiding market noise are also effective. Emotions cannot be eliminated but can be managed. Successful traders are not those who never feel fear or greed, but those who do not let emotions dictate their trades.","感情的な規律は、取引の最も困難でありながら最も重要な側面の1つです。 恐怖と貪欲は、衝動的な意思決定、過度の取引、または損失を保持することにつながる可能性があります。 トレーダーは、多くの場合、感情は、特に揮発性の市況の間に、分析を上書きしてみましょう。 感情を管理することは明確に定義された交換の計画、明確な記入項目/出口の規則を持ち、位置のサイジングに付くことから始まる。 ストップロス注文を使用すると、大きなドローダウンを防ぐことができます。 トレーダーはお金から自分自身を切り離すと確率ゲームではなく、感情的な乗り心地として取引を扱う必要があります。 取引をジャーナリングし、パフォーマンスを見直し、間違いから学ぶことは、感情的なコントロールを向上させることができます。 深い呼吸やストレスの多い取引日の間に休憩を取るようなマインドフルネスのテクニックは助けることができます。 感謝の気持ちを実践し、精神的な回復力を構築し、市場の騒音を避けることも効果的です。 感情を排除することはできませんが、管理することができます。 成功したトレーダーは、恐怖や貪欲を決して感じない人ではなく、感情が彼らの取引を指示させない人です。","Emotional Discipline in Stock Trading","Learn how to manage fear and greed to make rational trading decisions.","trading psychology, emotional control, fear and greed, mental discipline",,"1","999999","default","active","38.00","6270.00","298.30","0.00",NULL,NULL,NULL,"7",NULL,NULL,"6","Beginner","ビギナー","40","A","A",NULL,NULL
"50","Discipline and Patience in Markets","市場における規律と忍耐","discipline-patience-markets","Financial markets reward those who show patience and discipline. Adhering to strategies, avoiding impulsive trades, and maintaining realistic expectations build long-term success. Regular investments, portfolio reviews, and staying invested during volatility foster results. Discipline prevents emotional errors; patience allows compounding and value realization. Together, they define successful investors.","金融市場は忍耐と規律を示す人々に報酬を与えます。 戦略を遵守し、衝動的な取引を回避し、現実的な期待を維持することは、長期的な成功を構築します。 定期的な投資、ポートフォリオレビュー、およびボラティリティの間に投資滞在は結果を促進します。 規律は感情的なエラーを防ぎます。忍耐は配合と価値の実現を可能にします。 一緒に、彼らは成功した投資家を定義します。","Maintaining a trading journal is one of the most effective habits for any trader aiming to improve their performance. A trading journal is a personal record of every trade you take, including the rationale behind the trade, the entry and exit points, the outcome, and post-trade reflection. By consistently documenting your trades, you can identify patterns in your behavior, spot recurring mistakes, and reinforce strategies that work well. A detailed trading journal typically includes information such as date and time of trade, instrument traded, direction (buy/sell), entry and exit prices, stop-loss and target levels, result (profit/loss), and emotional state during the trade. Over time, this data helps you analyze your trading edge and refine your decision-making process. Additionally, keeping a journal supports emotional control by providing structure and discipline. It also helps prevent impulsive trading since each trade must be documented and justified. Traders who maintain a journal often develop greater accountability, which is essential for long-term success. Whether you use a spreadsheet, notebook, or a specialized software, the key is consistency and honest self-evaluation. Reviewing your journal weekly or monthly is important to assess your progress and recalibrate your approach. Ultimately, a trading journal is more than just a log; it's a mirror to your trading psyche and a tool for continuous improvement.","取引ジャーナルを維持することは、彼らのパフォーマンスを向上させることを目指して、任意のトレーダーのための最も効果的な習慣の一つです。 取引ジャーナルは、取引の背後にある理論的根拠、入り口と出口のポイント、結果、および貿易後の反射を含む、あなたが取るすべての貿易の個人的な記 一貫してあなたの取引を文書化することにより、あなたは、あなたの行動のパターンを識別し、定期的なミスを発見し、うまく動作する戦略を強化するこ 詳細な取引ジャーナルには、通常、取引の日時、取引された商品、方向（買い/売り）、出入り価格、ストップロスと目標レベル、結果（利益/損失）、取引中の感情状態などの情 時間が経つにつれて、このデータは、あなたの取引エッジを分析し、あなたの意思決定プロセスを洗練するのに役立ちます。 さらに、ジャーナルを維持することは、構造と規律を提供することによって感情的な制御をサポートします。 また、各取引を文書化して正当化する必要があるため、衝動的な取引を防ぐのにも役立ちます。 ジャーナルを維持するトレーダーは、多くの場合、長期的な成功のために不可欠である、より大きな説明責任を開発します。 表計算、ノート、または専門にされたソフトウェアを使用するかどうか、キーは一貫性および正直な自己評価である。 あなたのジャーナルを毎週または毎月見直すことは、あなたの進捗状況を評価し、あなたのアプローチを再調整することが重要です。 それはあなたの取引精神と継続的な改善のためのツールへのミラーです。","Importance of Discipline and Patience in Trading","Mastering patience and discipline to stay consistent in the markets.","trading discipline, market patience, successful trading mindset",,"1","999999","default","active","40.00","6600.00","314.00","0.00",NULL,NULL,NULL,"7",NULL,NULL,"6","Intermediate","中級","46","A","A",NULL,NULL
"51","Trading Journal Maintenance","取引仕訳帳のメンテナンス","trading-journal-maintenance","A trading journal is an essential tool for any trader aiming to improve performance and discipline. It helps track trades, analyze decisions, and identify patterns or mistakes. Maintaining a journal involves logging key trade details like entry/exit points, position size, reasoning, emotions, and outcomes. Over time, reviewing these records helps refine strategies and build consistency. It encourages accountability, provides clarity under pressure, and enables performance evaluation. Keeping a well-structured journal fosters better decision-making by making traders more aware of habits that affect results.","取引ジャーナルは、パフォーマンスと規律を向上させることを目指して任意のトレーダーのための不可欠なツールです。 取引を追跡し、意思決定を分析し、パターンや間違いを特定するのに役立ちます。 ジャーナルを維持することは記入項目/出口ポイント、位置のサイズ、推論、感情および結果のような主貿易細部を記録することを含む。 時間の経過とともに、これらの記録を確認することは、戦略を洗練し、一貫性を構築するのに役立ちます。 それは責任能力を励まし、圧力の下で明快さを提供し、そして性能評価を可能にする。 よく構造化されたジャーナルを維持することは、トレーダーが結果に影響を与える習慣をより意識させることによって、より良い意思決定を促進します。","Maintaining a trading journal is one of the most essential habits for both new and experienced traders. A journal helps track your decisions, analyze your performance, and improve your trading strategies over time. By logging every trade—including entry and exit points, reasons for the trade, risk-reward ratio, and outcomes—you gain powerful insights into your patterns and behavior. It helps you identify what’s working and where you’re going wrong. Emotional mistakes, overconfidence, or lack of discipline often surface clearly through consistent journaling. Over time, this data enables refinement of your strategies, risk management techniques, and emotional discipline. A good journal should also include market conditions, your mindset at the time of the trade, and any external factors that influenced decisions. Whether you use a spreadsheet, a specialized app, or a notebook, consistency is key. Journaling also builds accountability—you can’t improve what you don’t measure. Advanced traders also use their journals to backtest strategies and predict performance under specific market conditions. With time, your trading journal evolves into a personalized manual of what works best for you in different scenarios. It acts as a mirror, revealing your strengths and weaknesses. Many successful traders attribute much of their improvement to this single discipline. If you’re not already maintaining one, start now. Even simple notes after each trade can go a long way. Over weeks and months, you’ll begin to spot trends in your trading behavior that were previously unnoticed. Make it a habit to review your journal weekly and monthly. Set aside time to evaluate your top-performing strategies, review mistakes, and create action plans to improve. Ultimately, maintaining a trading journal isn’t just a task—it’s a mindset. It represents discipline, learning, and a commitment to getting better every day.","取引ジャーナルを維持することは、初心者と経験豊富なトレーダーの両方にとって最も重要な習慣の1つです。 ジャーナルは、あなたの意思決定を追跡し、あなたのパフォーマンスを分析し、時間をかけてあなたの取引戦略を改善するのに役立ちます。 エントリーポイントとエグジットポイント、トレードの理由、リスクと報酬の比率、結果など、すべてのトレードを記録することで、パターンと行動に関する強力な洞察を得ることができます。 何が機能しているのか、どこで問題が発生しているのかを特定するのに役立ちます。 感情的な間違い、自信過剰、または規律の欠如は、しばしば一貫したジャーナリングを通じて明確に表面化します。 時間が経つにつれて、このデータは、あなたの戦略、リスク管理技術、および感情的な規律の洗練を可能にします。 良いジャーナルはまた、市場の状況、貿易時のあなたの考え方、および意思決定に影響を与えた外部要因を含める必要があります。 スプレッドシート、専用アプリ、ノートブックのいずれを使用しても、一貫性が重要です。 ジャーナリングはまた、説明責任を構築します-あなたはあなたが測定しないものを改善することはできません。 高度なトレーダーはまた、戦略をバックテストし、特定の市場条件の下でのパフォーマンスを予測するために彼らの雑誌を使用しています。 時間とともに、あなたの取引ジャーナルは、さまざまなシナリオであなたのために最適なもののパーソナライズされたマニュアルに進化します。 それは鏡として機能し、あなたの強みと弱みを明らかにします。 多くの成功したトレーダーは、この単一の規律に彼らの改善の多くを属性します。 まだメンテナンスしていない場合は、今すぐ始めてください。 各取引の後でさえ簡単なメモは長い道のりを行くことができます。 数週間から数ヶ月にわたって、あなたは以前に見過ごされていたあなたの取引行動の傾向を発見するために開始します。 あなたのジャーナルを毎週および毎月見直すことを習慣にしなさい。 あなたの最高実行作戦を評価し、間違いを見直し、改良するために行動計画を作成する時間を取っておきなさい。 最終的には、取引ジャーナルを維持することは単なる仕事ではなく、考え方です。 それは規律、学習、そして毎日より良くなることへのコミットメントを表しています。","How to Maintain a Trading Journal","A trading journal helps improve performance and track patterns. Learn how to build one.","trading journal, trading log, performance tracking, trading records",,"1","999999","default","active","22.00","3630.00","172.70","0.00",NULL,NULL,NULL,"7",NULL,NULL,"5","Intermediate","中級","38","A","A",NULL,NULL
"52","Dealing with Losses","損失への対処","dealing-with-losses","Losses are a natural part of trading, and learning how to handle them is crucial for long-term success. Emotional reactions such as frustration, denial, or revenge trading can worsen the situation. Instead, maintaining composure and sticking to a pre-defined strategy is key. Traders must accept that not every trade will be profitable. Reviewing what went wrong, without self-criticism, allows for growth and improved performance. Over time, this resilience becomes a powerful trading edge.","損失は取引の自然な部分であり、それらを処理する方法を学ぶことは、長期的な成功のために重要です。 欲求不満、否定、または復讐の取引などの感情的な反応は、状況を悪化させる可能性があります。 代わりに、落ち着きを維持し、事前に定義された戦略に固執することが重要です。 トレーダーは、すべての取引が利益を上げるわけではないことを受け入れなければなりません。 自己批判せずに何が悪かったのかを見直すことで、成長とパフォーマンスの向上が可能になります。 時間が経つにつれて、この回復力は強力な取引エッジになります。","Dealing with trading losses is a core skill that every trader must learn to master. Losses are an inevitable part of the journey, no matter how skilled or experienced you are. The key lies in how you respond to them. The first step is to accept that losses are normal. Many beginners panic or give up after a few failed trades, but successful traders know that even a 60% win rate can yield profits if risk is managed well. What separates pros from amateurs is emotional control. Don’t take losses personally or chase them with revenge trades. This only leads to bigger drawdowns. Instead, approach losses analytically. Ask: Was it a poor strategy or just a bad market day? Did I follow my rules? Reviewing your trading journal can help you identify patterns and reasons behind recurring losses. Always define your risk per trade in advance and stick to your stop-loss levels. Never risk more than you can afford to lose emotionally or financially. Losses also present a learning opportunity. Each loss reveals something—about the market or yourself. Maybe you hesitated too long, ignored your signals, or entered during low-volume periods. Use every loss to improve your system or mindset. Another crucial aspect is managing your confidence. A losing streak can shake even seasoned traders. Don’t let it erode your belief in your process. Take a break if needed, review your best trades, and regain clarity before re-entering the market. Stay grounded and remember: trading is a probability game, not a guarantee. Practicing gratitude, meditation, or journaling helps many traders maintain emotional stability. Community support—talking to fellow traders or mentors—also helps you realize that you’re not alone. Everyone faces drawdowns. Finally, always have a risk-reward ratio that justifies your trades. Even with some losses, you can remain profitable over time. Focus on long-term performance, not short-term wins. In conclusion, dealing with losses gracefully is what builds trading maturity. You don’t grow in bull runs—you grow in tough phases. Accept them, learn from them, and use them to become a better trader.","取引損失に対処することは、すべてのトレーダーが習得することを学ばなければならないコアスキルです。 損失は、あなたがどんなに熟練していても経験豊富であっても、旅の必然的な部分です。 鍵は、あなたがそれらにどのように反応するかにあります。 最初のステップは、損失が正常であることを受け入れることです。 多くの初心者は、いくつかの失敗した取引の後にパニックやあきらめますが、成功したトレーダーは、リスクがよく管理されている場合でも、60％の勝率が利益をもたらすことができることを知っています。 プロとアマチュアを隔てるのは、感情的なコントロールです。 個人的に損失を取るか、復讐取引でそれらを追いかけてはいけません。 これは、より大きなドローダウンにつながるだけです。 代わりに、分析的に損失にアプローチします。 質問：それは悪い戦略だったのですか、それとも悪い市場の日でしたか？ 私は自分のルールに従いましたか？ 取引仕訳帳を確認すると、定期的な損失の背後にあるパターンと理由を特定するのに役立ちます。 常に事前に貿易ごとにあなたのリスクを定義し、あなたのストップロスのレベルに固執します。 感情的または財政的に失う余裕がある以上にリスクを冒さないでください。 損失はまた、学習の機会を提示します。 それぞれの損失は、市場や自分自身について何かを明らかにします。 たぶん、あなたはあまりにも長い間躊躇したり、信号を無視したり、少量の期間中に入力したりしました。 あなたのシステムや考え方を改善するために、すべての損失を使用してください。 もう一つの重要な側面は、あなたの自信を管理しています。 連敗は経験豊富なトレーダーでさえも振ることができます。 それがあなたのプロセスのあなたの確信を腐食させてはいけない。 必要に応じて休憩を取る、あなたの最高の取引を確認し、市場に再参入する前に明快さを取り戻します。 接地滞在し、覚えている：取引は確率ゲームではなく、保証です。 感謝の気持ち、瞑想、またはジャーナリングを実践することは、多くのトレーダーが感情的な安定性を維持するのに役立ちます。 仲間のトレーダーやメンターと話すコミュニティサポートも、あなたが一人ではないことを理解するのに役立ちます。 誰もがドローダウンに直面しています。 最後に、常にあなたの取引を正当化するリスク報酬比を持っています。 いくらかの損失があっても、時間の経過とともに収益性を維持することができます。 短期的な勝利ではなく、長期的なパフォーマンスに焦点を当てます。 結論として、損失に優雅に対処することは、取引の成熟度を構築するものです。 あなたは雄牛の実行では成長しません-あなたは厳しい段階で成長します。 それらを受け入れ、それらから学び、そしてより良いトレーダーになるためにそれらを使用してください。","How to Deal with Trading Losses","Learn strategies to recover from trading losses and manage risk.","trading losses, loss recovery, emotional control, risk strategy",,"1","999999","default","active","24.00","3960.00","188.40","0.00",NULL,NULL,NULL,"7",NULL,NULL,"6","Beginner","ビギナー","42","A","A",NULL,NULL
"53","Avoiding Overtrading","オーバートレードを避ける","avoiding-overtrading","Overtrading occurs when traders place too many trades due to emotional impulses, lack of planning, or the desire to recover losses quickly. It often leads to poor risk management and unnecessary exposure to market volatility. Avoiding overtrading requires discipline, a clear trading plan, and strict adherence to entry/exit criteria. Limiting the number of trades per day and focusing on quality setups can prevent burnout and financial loss. A mindful approach fosters better judgment and consistency.","過剰取引は、感情的な衝動、計画の欠如、または損失を迅速に回復したいという欲求のために、トレーダーがあまりにも多くの取引を行うときに発生します。 多くの場合、リスク管理が不十分であり、市場のボラティリティへの不必要なエクスポージャーにつながります。 Overtradingを避けることは記入項目/出口の規準への訓練、明確な交換の計画および厳密な付着を要求する。 一日あたりの取引の数を制限し、品質のセットアップに焦点を当てることは、燃え尽き症候群や財務上の損失を防ぐことができます。 マインドフルなアプローチは、より良い判断と一貫性を促進します。","Overtrading is a common pitfall for many traders, especially beginners or those dealing with emotional impulses. It refers to placing too many trades in a short period, often based on impatience, revenge trading, boredom, or a desire to recover losses quickly. Overtrading can result in increased transaction costs, emotional fatigue, poor decision-making, and rapid account drawdowns. The root cause is often psychological—impatience, fear of missing out (FOMO), or the thrill of constant market engagement. Recognizing these patterns is the first step in correcting them. One of the best ways to avoid overtrading is to follow a trading plan strictly. Predetermine your entry/exit criteria, risk per trade, and total trades per day. Having a rule like “maximum 2–3 trades per day” based on high-probability setups helps limit unnecessary activity. Sticking to quality over quantity is critical. Track your trades in a journal to identify if you’re trading too frequently without proper justification. Another effective approach is to reduce screen time. Many traders enter trades impulsively simply because they are watching charts too much. Taking breaks, stepping away after your planned trades are executed, or even using automated alerts can reduce temptation. Learning to embrace “no trade” days is vital. Some days the market doesn’t offer clean opportunities—and that’s okay. Preserve capital for higher-quality setups. Overtrading also leads to emotional burnout. The stress of watching every tick, combined with poor outcomes, can shake your confidence and distort judgment. Staying emotionally neutral and not letting the previous trade dictate your next decision is key. Using daily/weekly trading limits—both in terms of number of trades and financial exposure—can act as guardrails. Review your performance regularly to assess if overtrading is hurting your bottom line. Lastly, focus on mindset. Detach trading from excitement or entertainment. View it as a business that demands discipline, control, and restraint. Remember, some of the most profitable traders make very few but highly strategic trades. Consistency comes from precision, not volume. Train yourself to recognize boredom or emotional triggers and respond with logic. Overcoming overtrading takes practice and self-awareness, but doing so improves both performance and mental health.","オーバートレードは、多くのトレーダー、特に初心者や感情的な衝動を扱う人にとって一般的な落とし穴です。 これは、多くの場合、焦り、復讐取引、退屈、または迅速に損失を回復する欲求に基づいて、短い期間であまりにも多くの取引を配置することを指します。 オーバートレードは、取引コストの増加、感情的な疲労、意思決定の貧弱さ、および迅速な口座ドローダウンをもたらす可能性があります。 根本的な原因は、しばしば心理的なものです—焦り、逃してしまうことへの恐れ（FOMO）、または絶え間ない市場関与のスリル。 これらのパターンを認識することは、それらを修正するための最初のステップです。 オーバートレードを避けるための最良の方法の1つは、取引計画に厳密に従うことです。 あなたのエントリ/出口基準、貿易ごとのリスク、および一日あたりの総取引を事前に決定します。 高確率のセットアップに基づいて""一日あたりの最大2-3取引""のようなルールを持つことは、不要な活動を制限するのに役立ちます。 量よりも質にこだわることが重要です。 あなたが適切な正当化せずにあまりにも頻繁に取引しているかどうかを識別するために、ジャーナルであなたの取引を追跡します。 もう1つの効果的なアプローチは、画面時間を短縮することです。 多くのトレーダーは、チャートを見すぎているという理由だけで衝動的に取引に参入します。 休憩を取ったり、計画された取引が実行された後に離れたり、自動化されたアラートを使用したりすることで、誘惑を減らすことができます。 「貿易なし」の日を受け入れることを学ぶことは不可欠です。 いくつかの日、市場はきれいな機会を提供していません—それは大丈夫です。 高品質のセットアップのための資本を維持します。 オーバートレードはまた、感情的な燃え尽き症候群につながります。 悪い結果と結合されるあらゆるダニを見ることの圧力はあなたの信任を揺り動かし、判断を歪めることができる。 感情的に中立を維持し、前の貿易があなたの次の決定を指示させないことが鍵です。 毎日/毎週の取引制限を使用すると、取引数と財務エクスポージャーの両方の点で、ガードレールとして機能することができます。 Overtradingがあなたの要点を傷つけているかどうか査定するためにあなたの性能を規則的に見直しなさい。 最後に、考え方に焦点を当てます。 興奮や娯楽から取引を切り離します。 規律、制御、および拘束を要求するビジネスとしてそれを表示します。 覚えておいて、最も収益性の高いトレーダーのいくつかは非常に少数が、非常に戦略的な取引を行います。 一貫性は、精度ではなく、ボリュームから来ています。 退屈や感情的なトリガーを認識し、ロジックで応答するために自分自身を訓練します。 オーバートレードを克服するには、練習と自己認識が必要ですが、そうすることで、パフォーマンスとメンタルヘルスの両方が向上します。","How to Avoid Overtrading in Markets","Identify signs of overtrading and maintain discipline in your trading habits.","overtrading, trading discipline, risk management, trader psychology",,"1","999999","default","active","26.00","4290.00","204.10","0.00",NULL,NULL,NULL,"7",NULL,NULL,"6","Intermediate","中級","46","A","A",NULL,NULL
"54","Fear and Greed Control","恐怖と貪欲のコントロール","fear-greed-control","Fear and greed are two powerful emotions that influence trading behavior. Fear can lead to hesitation or premature exits, while greed may cause traders to overstay or risk too much. Successful trading requires mastering these emotions. This is achieved through planning, risk control, and emotional awareness. Techniques like journaling, deep breathing, and mindfulness can help. Following a structured system also helps minimize emotional interference, leading to objective, balanced trading decisions.","恐怖と貪欲は、取引行動に影響を与える2つの強力な感情です。 恐怖は躊躇や早期の出口につながる可能性がありますが、貪欲はトレーダーが過度に滞在したり、リスクが多すぎたりする可能性があります。 成功した取引は、これらの感情を習得する必要があります。 これは、計画、リスク管理、および感情的な意識によって達成されます。 ジャーナリング、深呼吸、マインドフルネスなどのテクニックが役立ちます。 構造化されたシステムに従うことは、感情的な干渉を最小限に抑えるのにも役立ち、客観的でバランスの取れた取引の決定につながります。","In trading, fear and greed are the two most dominant emotions that drive decision-making. Fear can cause traders to exit positions prematurely, avoid entering the market at the right time, or hold on to losses longer than necessary. On the other hand, greed can push traders to take excessive risks, ignore stop losses, or overtrade in pursuit of quick profits. Both emotions are natural but can be destructive if left unchecked. Learning to recognize emotional triggers is the first step toward mastering them. Traders must develop discipline through experience and by sticking to their trading plans. A trading plan should outline clear entry, exit, and risk management strategies. This structure limits the room for emotional decisions. Journaling trades also helps—by documenting the reasoning behind trades and emotions felt during the process, traders can spot recurring emotional patterns. Another way to manage fear and greed is by maintaining appropriate position sizing. Taking smaller positions reduces emotional attachment to trades. Practicing mindfulness, meditation, and taking regular breaks can also help regulate stress and impulsiveness. Markets will always be uncertain, and news or volatility may trigger emotional reactions, but a calm and objective mindset leads to better decisions. Remember, trading is not about winning every trade but making consistent, rational decisions over time.","取引では、恐怖と貪欲は、意思決定を駆動する二つの最も支配的な感情です。 恐怖は、トレーダーが早期にポジションを終了したり、適切なタイミングで市場に参入したり、必要以上に長い損失を保持したりする可能性があります。 一方、欲はトレーダーに過度のリスクを冒したり、ストップロスを無視したり、迅速な利益を追求したりするように促すことができます。 両方の感情は自然ですが、チェックされていないままにすると破壊的になる可能性があります。 感情的なトリガーを認識することを学ぶことは、それらを習得するための最初のステップです。 トレーダーは、経験を通じて、彼らの取引計画に固執することによって規律を開発する必要があります。 取引計画は、明確なエントリ、出口、およびリスク管理戦略を概説する必要があります。 この構造は、感情的な意思決定の余地を制限します。 ジャーナリング取引も役立ちます-プロセス中に感じた取引や感情の背後にある推論を文書化することにより、トレーダーは繰り返し感情的なパター 恐怖と貪欲を管理する別の方法は、適切な位置のサイジングを維持することです。 より小さい位置を取ることは取引への感情的な愛着を減らす。 マインドフルネス、瞑想を練習し、定期的な休憩を取ることも、ストレスと衝動性を調整するのに役立ちます。 市場は常に不確実であり、ニュースやボラティリティは感情的な反応を引き起こす可能性がありますが、穏やかで客観的な考え方はより良い決定につ 覚えておいてください、取引はすべての取引に勝つことではなく、時間の経過とともに一貫した合理的な意思決定を行うことです。","Controlling Fear and Greed in Trading","Master your emotions to make objective trading decisions and reduce losses.","fear and greed, emotional trading, mindset, trading control",,"1","999999","default","active","28.00","4620.00","219.80","0.00",NULL,NULL,NULL,"7",NULL,NULL,"5","Beginner","ビギナー","35","A","A",NULL,NULL
"55","Mindset of Successful Traders","成功したトレーダーの考え方","mindset-successful-traders","Successful traders cultivate a growth mindset focused on discipline, patience, and continuous learning. They view losses as lessons and wins as validations of solid strategies. They don’t chase instant success but aim for consistency over time. Such traders follow rules, manage risk meticulously, and avoid emotional decisions. They remain adaptable to market conditions and always seek improvement through study and experience. A strong mindset is often what separates consistent winners from impulsive gamblers.","成功したトレーダーは、規律、忍耐、および継続的な学習に焦点を当てた成長の考え方を養います。 彼らは損失を教訓と見なし、勝利を堅実な戦略の検証と見なしています。 彼らは即刻の成功を追跡しないが、一貫性のためにそのうちに向ける。 そのようなトレーダーはルールに従い、リスクを細心の注意を払って管理し、感情的な決定を避けます。 彼らは市場の状況に適応可能なままであり、常に研究と経験を通じて改善を求めています。 強い考え方は、一貫性のある勝者と衝動的なギャンブラーを区別するものであることがよくあります。","Successful traders share several psychological traits and habits that set them apart from average participants. One of the key attributes is discipline—they consistently follow a strategy or system regardless of emotions or market noise. They also exhibit strong risk management practices, understanding that preserving capital is more important than chasing high returns. Confidence without arrogance is another trait. Successful traders believe in their methods but remain humble and open to learning. They are not afraid of losses but treat them as lessons, constantly reviewing and refining their approaches. Emotional resilience is critical—trading involves wins and losses, and professionals are emotionally stable regardless of outcomes. Adaptability is another trait: markets evolve, and top traders adjust their strategies accordingly. They don’t become overly attached to a single method. Moreover, they keep themselves educated, studying market behavior, macroeconomic trends, and refining their technical/fundamental skills. Successful traders also focus on process over outcome—by committing to the process, good results follow over time. They know trading is a marathon, not a sprint. Finally, successful traders often adopt a growth mindset. They embrace failure, seek feedback, and remain persistent even after setbacks. With consistency, humility, and lifelong learning, anyone can cultivate the mindset of a successful trader.","成功したトレーダーは、平均的な参加者から離れてそれらを設定するいくつかの心理的な特徴や習慣を共有しています。 重要な属性の一つは、規律である—彼らは一貫して感情や市場のノイズに関係なく、戦略やシステムに従います。 彼らはまた、高いリターンを追求するよりも資本を維持することが重要であることを理解し、強力なリスク管理の実践を示しています。 傲慢さのない自信は別の特徴です。 成功したトレーダーは、彼らの方法を信じていますが、謙虚で学習に開放されています。 彼らは損失を恐れることはありませんが、それらを教訓として扱い、常にアプローチを見直し、洗練します。 感情的な回復力は重要です-取引には勝ち負けが含まれ、専門家は結果に関係なく感情的に安定しています。 適応性は別の特徴です：市場は進化し、トップトレーダーはそれに応じて戦略を調整します。 それらは単一の方法に過度に付すようにならない。 さらに、彼らは市場行動、マクロ経済動向を研究し、彼らの技術的/基本的なスキルを洗練し、教育を受け続けています。 成功したトレーダーはまた、結果よりもプロセスに焦点を当てています-プロセスにコミットすることで、良い結果が時間の経過とともに続きます。 彼らは取引がマラソンであり、スプリントではないことを知っています。 最後に、成功したトレーダーは、多くの場合、成長の考え方を採用しています。 彼らは失敗を受け入れ、フィードバックを求め、挫折の後でさえも永続的なままです。 一貫性、謙虚さ、そして生涯学習で、誰もが成功したトレーダーの考え方を養うことができます。","Traits of Successful Trader Mindset","Develop the mental habits that make traders consistently successful.","successful trading mindset, trader habits, mental discipline",,"1","999999","default","active","30.00","4950.00","235.50","0.00",NULL,NULL,NULL,"7",NULL,NULL,"6","Intermediate","中級","44","A","A",NULL,NULL
"56","Psychology Behind Risk Appetite","リスク選好の背後にある心理学","psychology-risk-appetite","Risk appetite refers to the level of risk a trader is comfortable taking. It’s influenced by personality, financial goals, and past experiences. Some traders thrive on high volatility, while others prefer safer, long-term plays. Understanding your personal risk appetite is key to developing a trading strategy that aligns with your behavior and comfort zone. Ignoring it can lead to stress, poor decisions, and financial losses. Self-awareness and adjusting strategy accordingly is critical.","リスク選好度は、トレーダーが快適に取っているリスクのレベルを指します。 それは人格、財政の目的および過去の経験によって影響を及ぼされる。 一部のトレーダーは高いボラティリティで繁栄しますが、他のトレーダーはより安全で長期的なプレーを好みます。 あなたの個人的なリスク選好度を理解することは、あなたの行動と快適ゾーンに合わせて取引戦略を開発するための鍵です。 それを無視すると、ストレス、貧しい意思決定、財政的損失につながる可能性があります。 自己認識とそれに応じて戦略を調整することが重要です。","Risk appetite refers to the level of risk an individual is willing to take to achieve their trading goals. It varies greatly from person to person and is influenced by several psychological and situational factors such as age, experience, capital, financial goals, personality, and past experiences. Understanding your personal risk appetite is essential before committing to any trading strategy. Some traders have a high-risk appetite and are comfortable with volatility, while others prefer conservative, low-risk positions. This psychological trait is often subconscious and can lead to irrational behavior if not managed correctly. For instance, a trader who experienced a recent loss may become risk-averse, even if the strategy remains valid. Others may become overconfident after a streak of wins and take unjustified risks. Risk appetite is also shaped by external factors like market sentiment, economic news, or peer influence. Traders need to be aware of how these factors affect their mindset. One way to align trading with one’s risk profile is through backtesting strategies and gradually increasing exposure. Traders should also use position sizing, stop losses, and risk-reward ratios to stay within safe risk boundaries. Additionally, periodic self-assessment helps—checking whether fear, greed, or overconfidence is influencing decisions. Ultimately, the goal is to strike a balance between ambition and caution, aligning your trading actions with your psychological comfort zone.","リスクアペタイトとは、取引目標を達成するために個人が喜んで取るリスクのレベルを指します。 それは人から人へ大きく異なり、年齢、経験、資本、財務目標、性格、過去の経験などのいくつかの心理的および状況的要因によって影響されます。 あなたの個人的なリスク選好度を理解することは、任意の取引戦略にコミットする前に不可欠です。 一部のトレーダーはリスクの高い食欲を持ち、ボラティリティに慣れていますが、他のトレーダーは保守的でリスクの低いポジションを好みます。 この心理的特性は潜在意識であることが多く、正しく管理されていないと不合理な行動につながる可能性があります。 例えば、最近の損失を経験したトレーダーは、戦略が有効なままであっても、リスク回避になる可能性があります。 他の人は、連勝した後に自信過剰になり、不当なリスクを冒す可能性があります。 リスクアペタイトは、市場のセンチメント、経済ニュース、ピアの影響などの外部要因によっても形作られます。 トレーダーは、これらの要因が彼らの考え方にどのように影響するかを認識する必要があります。 取引を自分のリスクプロファイルと一致させる1つの方法は、バックテスト戦略と徐々にエクスポージャーを増やすことです。 トレーダーはまた、安全なリスク境界内にとどまるために、ポジションのサイジング、ストップロス、およびリスク報酬比率を使用する必要があります。 さらに、定期的な自己評価は、恐怖、貪欲、または自信過剰が意思決定に影響を与えているかどうかをチェックするのに役立ちます。 最終的に、目標は野心と注意のバランスを取り、あなたの取引行動をあなたの心理的な快適ゾーンと一致させることです。","Understanding Trader’s Risk Appetite","Discover how risk appetite influences trading behavior and performance.","trading psychology, risk appetite, trader behavior, risk tolerance",,"1","999999","default","active","32.00","5280.00","251.20","0.00",NULL,NULL,NULL,"7",NULL,NULL,"6","Intermediate","中級","46","A","A",NULL,NULL
"57","What is Algo Trading","アルゴ取引とは何ですか","what-is-algo-trading","Algorithmic trading (algo trading) involves using computer programs to execute trades based on predefined criteria. It removes emotional bias and can execute trades faster and more efficiently than manual trading. Common strategies include arbitrage, trend-following, and mean reversion. Algo trading is ideal for those who understand programming and want to automate their systems. While powerful, it also requires rigorous backtesting, constant monitoring, and risk management to ensure effectiveness and avoid unintended losses.","アルゴリズム取引（アルゴ取引）は、事前に定義された基準に基づいて取引を実行するために、コンピュータプログラムを使用することを含みます。 感情的な偏りを取り除き、手動取引よりも迅速かつ効率的に取引を実行できます。 一般的な戦略には、裁定取引、トレンドフォロー、および平均復帰が含まれます。 アルゴトレーディングは、プログラミングを理解し、システムを自動化したい人に最適です。 強力ではありますが、有効性を確保し、意図しない損失を回避するためには、厳格なバックテスト、絶え間ない監視、およびリスク管理も必要です。","Algorithmic trading, often called algo trading, refers to the use of computer programs to execute trades based on predefined criteria like price, volume, timing, and other technical indicators. Unlike manual trading, where decisions are made by humans and then executed, algo trading automates both the decision-making and execution process. This offers advantages such as increased speed, reduced human error, and the ability to backtest strategies over historical data. Algo trading uses strategies like trend-following, arbitrage, market-making, and statistical analysis. A typical algorithm may monitor markets in real-time, identify opportunities, and instantly place orders when the criteria match. In India, algo trading is widely used by institutions and is now gaining popularity among advanced retail traders due to better access to APIs and platforms. However, it's important to understand that algo trading requires strong technical knowledge and rigorous testing to avoid faulty executions. SEBI has also introduced regulations to ensure fair usage of algorithms and to reduce the risks of market manipulation. Algo trading is not a shortcut to profits—it demands a sound strategy, risk management, and continuous refinement. It's suitable for traders who are comfortable with both markets and programming. As access to trading APIs becomes more democratized, the popularity of algo trading is expected to grow even further.","多くの場合、アルゴ取引と呼ばれるアルゴリズム取引は、価格、ボリューム、タイミング、および他の技術的な指標のような事前定義された基準に基づいて取引を実行するために、コンピュータプログラムの使用を指します。 意思決定が人間によって行われ、その後実行される手動取引とは異なり、アルゴ取引は意思決定と実行プロセスの両方を自動化します。 これにより、速度の向上、ヒューマンエラーの低減、履歴データに対する戦略のバックテスト機能などの利点があります。 アルゴ取引では、トレンドフォロー、裁定取引、マーケットメイキング、統計分析などの戦略を使用します。 典型的なアルゴリズムは、リアルタイムで市場を監視し、機会を特定し、条件が一致したときに即座に注文を行うことができます。 インドでは、アルゴ取引は機関によって広く使用されており、Apiやプラットフォームへのアクセスが向上したため、先進的な小売業者の間で人気が高まっています。 ただし、アルゴ取引には、誤った実行を避けるために強力な技術的知識と厳格なテストが必要であることを理解することが重要です。 SEBIはまた、アルゴリズムの公正な使用を確保し、市場操作のリスクを軽減するための規制を導入しています。 アルゴ取引は利益への近道ではなく、健全な戦略、リスク管理、継続的な改良が必要です。 これは、市場とプログラミングの両方に慣れているトレーダーに適しています。 取引Apiへのアクセスがより民主化されるにつれて、アルゴ取引の人気はさらに高まると予想されます。","Introduction to Algorithmic Trading","Learn what algo trading is, how it works, and its benefits.","algo trading, automated trading, algorithmic strategy, trading bots",,"1","999999","default","active","34.00","5610.00","266.90","0.00",NULL,NULL,NULL,"8",NULL,NULL,"6","Beginner","ビギナー","43","A","A",NULL,NULL
"58","Python Basics for Algo","アルゴのためのPythonの基本","python-basics-algo","Python is one of the most popular languages for building algorithmic trading systems. Its simplicity, vast libraries, and community support make it ideal for traders starting out. Basic concepts include variables, loops, functions, and working with data using libraries like Pandas and NumPy. Traders can automate data analysis, strategy development, and trade execution. Learning Python basics is the first step toward building, testing, and deploying your own trading algorithms with confidence and efficiency.","Pythonは、アルゴリズム取引システムを構築するための最も人気のある言語の1つです。 そのシンプルさ、広大なライブラリ、およびコミュニティのサポートは、トレーダーが出て開始するための理想的なものにします。 基本的な概念には、変数、ループ、関数、およびPandasやNumPyなどのライブラリを使用したデータの操作が含まれます。 トレーダーは、データ分析、戦略開発、および取引実行を自動化することができます。 Pythonの基礎を学ぶことは、自信と効率を持って独自の取引アルゴリズムを構築、テスト、および展開するための最初のステップです。","Python is one of the most preferred programming languages for algorithmic trading due to its simplicity, vast library ecosystem, and ease of use. For aspiring algo traders, learning Python opens up the ability to automate strategies, pull real-time data, analyze historical performance, and execute trades via broker APIs. In this module, beginners are introduced to Python basics including data types (integers, strings, floats), control structures (if-else, loops), functions, and object-oriented programming. Libraries like pandas and numpy are essential for data manipulation and analysis, while matplotlib and seaborn help with data visualization. You’ll also explore the basics of importing market data using libraries like yfinance or connecting with broker APIs like Zerodha's Kite Connect or Upstox. Practical examples include reading CSV files of historical trades, calculating moving averages, and creating basic signal generators. The goal is not to make you a full-fledged developer but to enable you to use Python as a tool for building and testing trading strategies. With consistent practice and real-world projects, Python can significantly enhance your edge in the market.","Pythonは、そのシンプルさ、広大なライブラリエコシステム、使いやすさのために、アルゴリズム取引のための最も好ましいプログラミング言語の1つです。 意欲的なアルゴトレーダーにとって、Pythonを学ぶことで、戦略の自動化、リアルタイムデータの取得、過去のパフォーマンスの分析、ブローカー Apiを介した取引の実行が可能になります。 このモジュールでは、初心者がデータ型（整数、文字列、浮動小数点数）、制御構造（if-else、ループ）、関数、オブジェクト指向プログラミングなどのPythonの基本を紹介します。 Pandasやnumpyのようなライブラリはデータの操作と分析に不可欠ですが、matplotlibとseabornはデータの視覚化に役立ちます。 また、yfinanceのようなライブラリを使用して市場データをインポートするか、ZerodhaのKite ConnectやUpstoxのようなブローカー Apiと接続するための基本についても説明します。 実用的な例としては、過去の取引のCSVファイルの読み取り、移動平均の計算、基本的な信号発生器の作成などがあります。 目標は、あなたを本格的な開発者にすることではなく、取引戦略を構築してテストするためのツールとしてPythonを使用できるようにすることです。 一貫した実践と現実世界のプロジェクトにより、Pythonは市場での優位性を大幅に向上させることができます。","Python Basics for Algorithmic Trading","Understand key Python concepts used in building trading algorithms.","Python for trading, algo trading, Python basics, coding for finance",,"1","999999","default","active","36.00","5940.00","282.60","0.00",NULL,NULL,NULL,"8",NULL,NULL,"7","Beginner to Intermediate","初心者から中級者まで","56","A","A",NULL,NULL
"59","Backtesting Strategies","バックテスト戦略","backtesting-strategies","Backtesting involves testing a trading strategy using historical market data to evaluate its effectiveness. It helps traders understand how a system would have performed under various conditions before using real money. A good backtest includes risk measures, win/loss ratios, and drawdown analysis. However, backtesting must be realistic—overfitting or ignoring transaction costs can give misleading results. Done right, it helps refine strategies, build confidence, and reduce the risk of unexpected losses in live markets.","バックテストには、過去の市場データを使用して取引戦略をテストし、その有効性を評価することが含まれます。 これは、トレーダーが実際のお金を使用する前に、システムがさまざまな条件の下でどのように実行されたかを理解するのに役立ちます。 優れたバックテストには、リスク対策、勝敗比、ドローダウン分析が含まれます。 ただし、バックテストは現実的でなければなりません—過剰適合またはトランザクションコストを無視すると、誤解を招く結果が得られる可能性があります。 正しく行われ、戦略を洗練し、自信を構築し、ライブ市場での予期しない損失のリスクを軽減するのに役立ちます。","Backtesting refers to the process of testing a trading strategy on historical data to evaluate its performance before deploying it in real markets. It's a critical step in algorithmic trading and helps traders understand the viability and robustness of their strategies. A good backtest should mimic real market conditions, include realistic assumptions like slippage and commissions, and analyze metrics such as win rate, average return, drawdown, Sharpe ratio, and more. To begin with backtesting, you need a clean historical dataset and a strategy coded in a backtesting framework like Backtrader, QuantConnect, or a custom Python script using pandas. The strategy logic—buy/sell rules, entry/exit triggers, stop losses, etc.—must be accurately translated into code. A well-executed backtest provides insight into how your strategy would have performed over time. It can also reveal weaknesses, overfitting, or false assumptions. However, traders should avoid relying only on past performance as a guarantee for future results. Instead, treat backtesting as a validation tool to refine strategies and test multiple scenarios. The next step after backtesting is paper trading (live testing without real capital), followed by actual trading with strict risk management.","バックテストとは、実際の市場に展開する前に、履歴データで取引戦略をテストしてパフォーマンスを評価するプロセスを指します。 これはアルゴリズム取引の重要なステップであり、トレーダーが戦略の実行可能性と堅牢性を理解するのに役立ちます。 良いバックテストは、実際の市場の状況を模倣し、スリッページや手数料などの現実的な仮定を含め、勝率、平均収益、ドローダウン、シャープ比率などの指標を分析する必要があります。 バックテストを開始するには、クリーンな履歴データセットと、Backtrader、QuantConnect、またはpandasを使用したカスタムPythonスクリプトのようなバックテストフレームワークでコード化された戦略が必要です。 戦略ロジック-購入/販売ルール、エントリ/出口トリガー、ストップロスなど-正確にコードに変換する必要があります。 適切に実行されたバックテストは、戦略が時間の経過とともにどのように実行されたかについての洞察を提供します。 また、弱点、過度の適合、または誤った仮定を明らかにすることもできます。 しかし、トレーダーは、将来の結果の保証として、過去のパフォーマンスにのみ依存することは避けてください。 代わりに、バックテストを検証ツールとして扱い、戦略を洗練し、複数のシナリオをテストします。 バックテスト後の次のステップは、紙の取引（実質資本なしのライブテスト）であり、その後、厳格なリスク管理と実際の取引が続きます。","Backtesting Trading Strategies Using Python","Learn how to backtest trading strategies to evaluate performance.","backtesting, trading strategy, Python backtest, historical data",,"1","999999","default","active","38.00","6270.00","298.30","0.00",NULL,NULL,NULL,"8",NULL,NULL,"6","Intermediate","中級","42","A","A",NULL,NULL
"60","Introduction to API Trading","API取引入門","intro-api-trading","API (Application Programming Interface) trading enables traders to interact programmatically with broker platforms to place orders, fetch data, or manage portfolios. It is widely used in algo trading for automation and speed. APIs allow integration of custom strategies, real-time market data access, and execution without manual intervention. Beginners must understand how to authenticate, send HTTP requests, and parse responses. API trading opens the door to scalable, efficient, and emotion-free trading systems.","API(Application Programming Interface)取引により、トレーダーはブローカープラットフォームとプログラム的に対話して、注文、データの取得、ポートフォリオの管理を行うことができます。 自動化とスピードのためのアルゴ取引で広く使用されています。 APIを使用すると、カスタム戦略の統合、リアルタイムのマーケットデータアクセス、および手動の介入なしでの実行が可能になります。 初心者は、認証、HTTP要求の送信、および応答の解析方法を理解する必要があります。 API取引は、スケーラブルで効率的で感情のない取引システムへの扉を開きます。","API (Application Programming Interface) trading allows traders to connect their strategies or software directly to a broker’s system, enabling automated execution of trades without manual intervention. This technology is foundational for algorithmic trading. In this module, you’ll understand what APIs are, how they work in trading, and how to get started with APIs provided by brokers like Zerodha, Angel One, or Upstox. You’ll learn how to generate API keys, authenticate sessions, and place orders using POST or GET requests through Python. Key concepts like REST APIs, endpoints, rate limits, webhooks, and JSON payloads are explained in simple terms. A typical use case involves using an API to fetch live market data, apply your trading logic, and execute buy/sell orders instantly. With API trading, you can also build dashboards, set alerts, and automate your entire portfolio. However, one must follow compliance and exchange regulations, as unapproved usage can lead to penalties. Security, error handling, and continuous monitoring are also essential to prevent wrong trades. Overall, API trading empowers you to turn your trading ideas into fully automated systems, provided you have the right technical and risk-management setup.","API(Application Programming Interface)取引は、トレーダーが自分の戦略やソフトウェアをブローカーのシステムに直接接続することを可能にし、手動の介入なしに取引の自動実行を可能にします。 この技術は、アルゴリズム取引のための基礎となっています。 このモジュールでは、Apiとは何か、それらが取引でどのように機能するか、およびZerodha、Angel One、Upstoxなどのブローカーが提供するApiを使用する方法を理解します。 Pythonを使用してPOSTまたはGETリクエストを使用してAPIキーを生成し、セッションを認証し、注文を行う方法を学びます。 REST Api、エンドポイント、レート制限、webhook、JSONペイロードなどの主要な概念を簡単に説明します。 典型的なユースケースには、APIを使用してライブマーケットデータを取得し、取引ロジックを適用し、買い/売り注文を即座に実行することが含まれます。 API tradingを使用すると、ダッシュボードの作成、アラートの設定、ポートフォリオ全体の自動化もできます。 ただし、承認されていない使用は罰則につながる可能性があるため、コンプライアンスおよび交換規制に従う必要があります。 セキュリティ、エラー処理、および継続的な監視は、間違った取引を防ぐためにも不可欠です。 全体的に、API tradingは、適切な技術的およびリスク管理の設定があれば、取引のアイデアを完全に自動化されたシステムに変えることができます。","What is API Trading and How it Works","Learn how to place trades and automate strategies using APIs.","API trading, broker API, trading automation, algorithmic trading",,"1","999999","default","active","40.00","6600.00","314.00","0.00",NULL,NULL,NULL,"8",NULL,NULL,"6","Intermediate","中級","44","A","A",NULL,NULL
"61","Creating Custom Indicators","カスタム指標の作成","creating-custom-indicators","Creating custom indicators in trading involves designing tailored tools to analyze price patterns, volume, and market behavior beyond standard indicators. Traders often use platforms like TradingView or MetaTrader and languages such as Pine Script or Python to build these. Custom indicators can combine multiple conditions, signals, or visualizations to suit specific strategies or market conditions. This skill helps traders personalize their approach and gain an edge by focusing on unique data points. It's vital to backtest these indicators and ensure they are based on sound logic rather than curve-fitting. Effective custom indicators offer real-time adaptability, clarity in signal generation, and alignment with the trader's risk appetite and objectives. Mastering custom indicator creation opens the door to more algorithmic and automated solutions. This topic serves as a foundation for deeper automation and is recommended for intermediate to advanced traders interested in developing a proprietary trading edge.","取引でカスタム指標を作成するには、標準的な指標を超えて価格パターン、量、および市場行動を分析するための調整されたツールを設計する必要があります。 トレーダーは、TradingViewやMetaTraderなどのプラットフォームと、Pine ScriptやPythonなどの言語を使用してこれらを構築することがよくあります。 カスタム指標は、特定の戦略や市場の状況に合わせて、複数の条件、信号、または視覚化を組み合わせることができます。 このスキルは、トレーダーが独自のデータポイントに焦点を当てることで、アプローチをパーソナライズし、優位性を得るのに役立ちます。 これらの指標をバックテストし、曲線近似ではなく健全なロジックに基づいていることを確認することが不可欠です。 効果的なカスタム指標は、リアルタイムの適応性、シグナル生成の明瞭さ、トレーダーのリスク選好度と目標との整合性を提供します。 カスタムインジケーターの作成をマスターすることで、よりアルゴリズム的で自動化されたソリューションへの扉が開きます。 このトピックは、より深い自動化の基礎として機能し、独自の取引エッジの開発に興味のある中級から上級のトレーダーにお勧めします。","Custom indicators allow traders to go beyond standard tools and create tailored technical studies that reflect their unique trading strategies. These indicators are especially useful when traditional tools like RSI or MACD don't align with specific market conditions or personal styles. This course introduces traders to the logic, formulation, and implementation of custom indicators. It starts with the basics of what indicators are, how they interpret price action and volume, and why traders might need to build their own. You'll learn how to identify gaps in existing indicators and translate ideas into formulas using scripting platforms like Pine Script (for TradingView) or Python. Practical examples will walk you through designing indicators such as modified moving averages, multi-timeframe oscillators, and volume-weighted strategies. You'll also learn how to backtest your indicators and avoid common pitfalls such as overfitting. Whether you're a discretionary trader looking to create alerts or a quant exploring system-based signals, this course offers both foundational and practical skills.","カスタム指標を使用すると、トレーダーは標準的なツールを超えて、独自の取引戦略を反映したカスタマイズされた技術的な研究を作成できます。 これらの指標は、RSIやMACDのような従来のツールが特定の市場状況や個人的なスタイルと一致しない場合に特に役立ちます。 このコースでは、トレーダーにカスタム指標のロジック、定式化、および実装を紹介します。 それは、指標が何であるか、価格行動と量をどのように解釈するか、そしてトレーダーが独自のものを構築する必要がある理由の基本から始まります。 Pine Script(TradingView用)やPythonなどのスクリプトプラットフォームを使用して、既存の指標のギャップを特定し、アイデアを数式に変換する方法を学びます。 実用的な例では、変更された移動平均、マルチタイムフレームオシレータ、ボリューム加重戦略などの指標を設計する方法を説明します。 また、指標をバックテストし、過適合などの一般的な落とし穴を回避する方法についても学びます。 アラートを作成しようとしている裁量トレーダーであろうと、システムベースのシグナルを探求しているクォントであろうと、このコースは基礎的かつ実践的なスキルの両方を提供します。","How to Create Custom Indicators for Trading","Learn to develop custom technical indicators tailored to your trading strategy using coding tools like Pine Script or Python.","custom indicators, pine script, trading strategy tools",,"1","999999","default","active","22.00","3630.00","172.70","0.00",NULL,NULL,NULL,"8",NULL,NULL,"6","Beginner","ビギナー","48","A","A",NULL,NULL
"62","Risk Management in Algo","アルゴにおけるリスク管理","risk-management-in-algo","Risk management in algorithmic trading is crucial to maintaining consistency and avoiding large losses. It involves embedding risk rules directly into the code—like position sizing, stop-loss limits, maximum drawdowns, and capital allocation per strategy. Algorithms must account for slippage, market volatility, and black swan events. Risk control features should be robust and flexible to adjust based on market conditions. This ensures a disciplined and emotionless execution of trades, which is the core advantage of algorithmic systems. Without risk management, even a profitable strategy may eventually fail due to compounding losses or overexposure. Learning risk frameworks like Value-at-Risk (VaR), Kelly Criterion, and Monte Carlo simulations can strengthen decision-making. Whether trading manually or through automation, understanding and applying risk management strategies is non-negotiable. This topic emphasizes why building intelligent guardrails into algorithms is essential for any serious trader, ensuring long-term sustainability and protecting capital.","アルゴリズム取引におけるリスク管理は、一貫性を維持し、大きな損失を回避するために重要です。 これには、コードのようなポジションのサイジング、ストップロスの制限、最大ドローダウン、戦略ごとの資本配分にリスクルールを直接埋め込むことが含まれます。 アルゴリズムは、スリッページ、市場のボラティリティ、およびブラックスワンイベントを考慮する必要があります。 リスク管理機能は、市場の状況に基づいて調整するために堅牢で柔軟でなければなりません。 これにより、アルゴリズムシステムの中核的な利点である、規律のある感情のない取引の実行が保証されます。 リスク管理がなければ、収益性の高い戦略でさえ、最終的には損失や過度の露出のために失敗する可能性があります。 バリューアットリスク(VaR)、ケリー基準、モンテカルロシミュレーションなどのリスクフレームワークを学習することで、意思決定を強化することができます。 手動または自動化を介して取引するかどうか、リスク管理戦略を理解し、適用することは交渉不可能です。 このトピックでは、インテリジェントなガードレールをアルゴリズムに組み込むことが、深刻なトレーダーにとって不可欠であり、長期的な持続可能性を確保し、資本を保護する理由を強調します。","Risk management in algorithmic trading is critical to ensure long-term sustainability and capital protection. This course explores how algorithms can be coded to limit exposure, manage position sizes, apply stop losses, and control drawdowns. We begin by understanding the types of risks involved in algo trading—market, liquidity, execution, slippage, and technical risks. Then we dive into key techniques like portfolio diversification, volatility-based sizing, dynamic stop-loss adjustments, and circuit-breaker mechanisms. The course includes case studies showing how poor risk control led to major trading losses and how these could have been avoided with better design. You'll learn how to set maximum daily loss limits, calculate value at risk (VaR), and monitor system health in real-time. Coding examples in Python will show how to embed these practices into trading bots. For traders building or using automated systems, this course offers crucial skills to protect capital and ensure consistency across volatile market cycles.","アルゴリズム取引におけるリスク管理は、長期的な持続可能性と資本保護を確保するために重要です。 このコースでは、露出を制限し、位置サイズを管理し、ストップロスを適用し、ドローダウンを制御するためのアルゴリズムをどのようにコード化できるかを探ります。 まず、アルゴ取引に関わるリスクの種類、つまり市場、流動性、執行、スリッページ、および技術的リスクを理解することから始めます。 次に、ポートフォリオの多様化、ボラティリティベースのサイジング、動的なストップロス調整、サーキットブレーカーメカニズムなどの主要な技術に飛び込みます。 このコースには、リスク管理が不十分なことが大きな取引損失にどのようにつながったか、そしてこれらがより良い設計でどのように回避されたかを示すケーススタディが含まれています。 毎日の最大損失限度を設定し、リスクのある価値（VaR）を計算し、システムの正常性をリアルタイムで監視する方法を学習します。 Pythonでのコーディング例では、これらのプラクティスを取引ボットに埋め込む方法を示します。 自動化されたシステムを構築または使用しているトレーダーにとって、このコースは資本を保護し、不安定な市場サイクル全体で一貫性を確保するための重要なスキルを提供します。","Risk Management Strategies in Algorithmic Trading","Discover effective risk management techniques used in algorithmic trading to minimize losses and optimize returns.","algo trading risk, stop loss automation, risk management strategies",,"1","999999","default","active","24.00","3960.00","188.40","0.00",NULL,NULL,NULL,"8",NULL,NULL,"7","Intermediate","中級","52","A","A",NULL,NULL
"63","Automating Trades on Brokers","ブローカーでの取引の自動化","automating-trades-brokers","Automating trades through brokers involves using APIs (Application Programming Interfaces) provided by platforms like Zerodha, Upstox, or Interactive Brokers. This process lets traders place, modify, or cancel orders programmatically without manual intervention. It's widely used in algorithmic trading, high-frequency strategies, and portfolio rebalancing. Most brokers offer APIs that allow for live data streaming, order execution, and account monitoring. Traders typically write scripts in Python or JavaScript to automate logic based on predefined rules and technical signals. Understanding broker-specific API documentation and authentication methods (like tokens or keys) is critical. This automation reduces latency, improves consistency, and eliminates emotional trading errors. However, it requires solid coding skills and thorough testing in paper-trading environments before going live. This topic is ideal for intermediate to advanced users ready to scale their trading operations efficiently. It bridges strategy design with real-world execution, offering a hands-free trading experience.","ブローカーを介した取引を自動化するには、Zerodha、Upstox、Interactive Brokersなどのプラットフォームが提供するApi(アプリケーションプログラミングインターフェイス)を使用します。 このプロセスにより、トレーダーは手動で介入することなく、プログラムで注文を発注、変更、またはキャンセルできます。 これは、アルゴリズム取引、高頻度戦略、およびポートフォリオのリバランスで広く使用されています。 ほとんどのブローカーは、ライブデータストリーミング、注文執行、口座監視を可能にするApiを提供しています。 トレーダーは通常、事前定義されたルールと技術的なシグナルに基づいてロジックを自動化するために、PythonまたはJavaScriptでスクリプトを作成します。 ブローカー固有のAPIドキュメントと認証方法(トークンやキーなど)を理解することは非常に重要です。 この自動化により、レイテンシーが削減され、一貫性が向上し、感情的な取引エラーが排除されます。 しかし、それはライブに行く前に、固体のコーディングスキルと紙の取引環境での徹底的なテストが必要です。 このトピックは、取引操作を効率的に拡張する準備ができている中級から上級ユーザーに最適です。 それはハンズフリーの取引の経験を提供する実世界の実行と戦略の設計を橋渡しします。","Automating trades through brokers enables hands-free execution of trading strategies, increasing speed, efficiency, and consistency. This course covers how to integrate your strategies with broker platforms via APIs and automation tools. We’ll start by introducing the basics of API access—REST APIs, WebSockets, and authentication tokens. You’ll learn how to place orders, modify them, retrieve account status, and handle errors automatically using Python or similar languages. We’ll explore how to schedule strategies, use cron jobs or cloud-based deployment (e.g., AWS), and implement fail-safes like trade logs, retry mechanisms, and notification systems. You’ll get hands-on experience with brokers like Zerodha (via Kite Connect), Fyers, or Interactive Brokers, and we’ll walk through real-time trade placements. Best practices such as handling API rate limits, setting up logging, and maintaining trading hygiene are also emphasized. This course is ideal for those transitioning from manual to automated trading or wanting to build robust systems for their algos.","ブローカーを介して取引を自動化することで、取引戦略のハンズフリー実行が可能になり、速度、効率性、一貫性が向上します。 このコースでは、Apiと自動化ツールを介して戦略をブローカープラットフォームと統合する方法について説明します。 まず、REST Api、Websocket、認証トークンなど、APIアクセスの基本を紹介します。 Pythonまたは同様の言語を使用して、注文、変更、アカウントステータスの取得、エラーの自動処理の方法を学習します。 戦略をスケジュールし、cronジョブやクラウドベースのデプロイ(AWSなど)を使用し、取引ログ、再試行メカニズム、通知システムなどのフェイルセーフを実装する方法について説明します。 Zerodha（Kite Connect経由）、Fyers、またはInteractive Brokersのようなブローカーとの実践的な経験を得ることができます、そして私たちはリアルタイムの取引プレースメントを歩きます。 APIレート制限の処理、ロギングの設定、取引の衛生状態の維持などのベストプラクティスも強調されています。 このコースは、手動取引から自動取引に移行したり、アルゴ用の堅牢なシステムを構築したい人に最適です。","Automate Your Trades Using Broker APIs","A guide to automating your trades with broker APIs and trading platforms for hands-free trading execution.","automated trading, broker API, trading automation",,"1","999999","default","active","26.00","4290.00","204.10","0.00",NULL,NULL,NULL,"8",NULL,NULL,"6","Intermediate","中級","48","A","A",NULL,NULL
"64","Real-world Algo Projects","実世界のアルゴプロジェクト","real-world-algo-projects","Real-world algo trading projects demonstrate how theoretical concepts are applied in actual market conditions. These projects often combine technical indicators, strategy logic, data handling, and broker APIs to automate decision-making. Common examples include momentum-based intraday bots, moving average crossover strategies, and breakout detection systems. Such projects teach practical debugging, error handling, live trading synchronization, and performance monitoring. Through real-world projects, traders learn to manage edge cases like sudden volatility, connection failures, and slippage. They also practice backtesting with historical data to validate performance before live deployment. Projects may involve integrating with platforms like TradingView for signal generation and brokers for order placement. These exercises help refine both trading strategies and coding practices, enabling traders to build scalable and reliable systems. Completing real-world algo projects builds confidence and lays the groundwork for transitioning into full-scale quantitative trading. It’s a critical step for anyone serious about mastering automation in markets.","現実世界のアルゴ取引プロジェクトは、理論的な概念が実際の市場の状況でどのように適用されるかを示しています。 これらのプロジェクトでは、多くの場合、テクニカル指標、戦略ロジック、データ処理、ブローカー Apiを組み合わせて意思決定を自動化します。 一般的な例としては、モメンタムベースの日中ボット、移動平均クロスオーバー戦略、ブレイクアウト検出システムなどがあります。 このようなプロジェクトでは、実用的なデバッグ、エラー処理、ライブ取引同期、およびパフォーマンス監視を教えています。 現実世界のプロジェクトを通じて、トレーダーは突然のボラティリティ、接続障害、スリッページなどのエッジケースを管理することを学びます。 また、ライブ展開の前にパフォーマンスを検証するために、履歴データを使用したバックテストを実施します。 プロジェクトには、シグナル生成のためのTradingViewや注文配置のためのブローカーなどのプラットフォームとの統合が含まれる場合があります。 これらの演習は、取引戦略とコーディング慣行の両方を洗練するのに役立ち、トレーダーはスケーラブルで信頼性の高いシステムを構築することができます。 現実世界のアルゴプロジェクトを完了することで、自信が生まれ、本格的な定量取引に移行するための基礎が築かれます。 これは、市場での自動化をマスターすることに真剣に取り組んでいる人にとって重要なステップです。","Bridging the gap between learning and execution, this course focuses on implementing real-world algorithmic trading projects. It’s a practical guide to creating, testing, and deploying full-fledged trading systems based on real market data. The course begins with project planning—choosing a strategy type (momentum, mean reversion, breakout), sourcing data, and setting success criteria. You’ll then build several complete projects: for example, a moving average crossover strategy on equities, an intraday volatility-based system on BankNifty, or an RSI-based signal bot for crypto. Each project involves data collection, signal generation, position sizing, backtesting, and result interpretation. You'll also learn to set up monitoring, logs, and notifications using Telegram or email alerts. Deployment strategies include local servers and cloud-based environments. Emphasis is placed on risk control, slippage modeling, and optimizing for live environments. This course is a must for those who’ve learned the theory of algo trading and want to bring it into practice with tangible output.","このコースでは、学習と実行の間のギャップを埋めるために、現実世界のアルゴリズム取引プロジェクトの実装に焦点を当てています。 これは、実際の市場データに基づいて本格的な取引システムを作成、テスト、および展開するための実用的なガイドです。 コースは、プロジェクト計画から始まります—戦略タイプ（勢い、平均復帰、ブレイクアウト）を選択し、データを調達し、成功基準を設定します。 次に、株式の移動平均クロスオーバー戦略、BankNiftyの日中ボラティリティベースのシステム、または暗号のRSIベースのシグナルボットなど、いくつかの完全なプロジェクトを構築します。 各プロジェクトには、データ収集、信号生成、位置のサイジング、バックテスト、および結果の解釈が含まれます。 また、Telegramまたはeメールアラートを使用して、監視、ログ、通知を設定する方法も学習します。 展開戦略には、ローカルサーバーとクラウドベースの環境が含まれます。 リスク管理、スリッページモデリング、およびライブ環境の最適化に重点が置かれています。 このコースは、アルゴ取引の理論を学び、具体的な出力でそれを実践したい人のための絶対必要です。","Real-Life Algorithmic Trading Projects Explained","Explore practical algo trading projects that demonstrate real-world strategies, automation, and profitability analysis.","algo trading examples, live algo projects, trading case studies",,"1","999999","default","active","28.00","4620.00","219.80","0.00",NULL,NULL,NULL,"8",NULL,NULL,"7","Intermediate","中級","53","A","A",NULL,NULL
"65","Introduction to Global Exchanges","グローバル交流のご紹介","intro-global-exchanges","Global exchanges facilitate the trading of stocks, commodities, currencies, and derivatives across international markets. Key exchanges include the NYSE, NASDAQ, London Stock Exchange, Tokyo Stock Exchange, and more. Understanding how these exchanges operate, their trading hours, settlement mechanisms, and regulatory environments is essential for traders exploring global opportunities. Differences in listing requirements, tax rules, and market behavior across countries impact investment decisions. Trading on global exchanges allows diversification and access to sectors or trends not available in domestic markets. This topic also explores how geopolitical and economic events influence global indices like S&P 500, FTSE, and Nikkei. Beginners should understand the roles of ADRs (American Depository Receipts), dual listings, and currency risk when investing globally. With advancements in technology and broker platforms, retail access to international stocks is now easier than ever. This foundational knowledge helps traders broaden their market scope beyond India and integrate global trends into strategies.","グローバル取引所は、国際市場全体の株式、商品、通貨、およびデリバティブの取引を容易にします。 主要取引所には、NYSE、NASDAQ、ロンドン証券取引所、東京証券取引所などがあります。 これらの取引所がどのように運営されているか、取引時間、決済メカニズム、規制環境を理解することは、トレーダーがグローバルな機会を模索するために不可欠です。 各国の上場要件、税制、市場行動の違いは、投資判断に影響を与えます。 グローバル取引所での取引は、国内市場では利用できないセクターやトレンドへの多様化とアクセスを可能にします。 このトピックでは、地政学的および経済的事象がS&P500、FTSE、日経などのグローバル指数にどのように影響するかについても説明します。 初心者は、世界的に投資する際のAdr（アメリカの預託証券）、二重上場、および通貨リスクの役割を理解する必要があります。 テクノロジーとブローカープラットフォームの進歩により、国際株式への小売アクセスはこれまで以上に簡単になりました。 この基本的な知識は、トレーダーがインドを超えて市場の範囲を広げ、世界的なトレンドを戦略に統合するのに役立ちます。","Understanding global exchanges is key for traders and investors looking to diversify beyond domestic markets. This course introduces the structure, function, and significance of major global exchanges like the NYSE, NASDAQ, LSE, TSE, and HKEX. You'll learn about the differences in trading hours, instruments, regulatory bodies, and market behavior. The course also covers index composition (e.g., S&P 500, FTSE 100, Nikkei 225), cross-border investing norms, and tax implications. A comparative look at how order types, settlement cycles, and volatility mechanisms differ between Indian and global exchanges helps in making informed trading decisions. You’ll also gain insights into how global macroeconomic events impact these markets and how correlations (e.g., Dow Jones and Nifty) can be used strategically. Whether you’re an investor exploring ETFs or a trader tracking international sentiment, this course builds foundational knowledge of international financial markets and how they operate within a globally connected economy.","グローバルな取引所を理解することは、国内市場を超えて多様化しようとしているトレーダーや投資家にとって重要です。 このコースでは、NYSE、NASDAQ、LSE、TSE、HKEXなどの主要なグローバル取引所の構造、機能、意義を紹介します。 取引時間、商品、規制機関、市場行動の違いについて学びます。 このコースでは、指数構成（S&P500、FTSE100、日経225など）、クロスボーダー投資規範、税務上の影響についてもカバーしています。 インドと世界の取引所で注文タイプ、決済サイクル、ボラティリティメカニズムがどのように異なるかを比較することで、情報に基づいた取引意思決定を行うことができます。 また、グローバルなマクロ経済イベントがこれらの市場にどのように影響するか、相関関係（Dow JonesやNiftyなど）を戦略的に使用する方法についての洞察も得られ このコースでは、Etfを探索する投資家であろうと、国際的な感情を追跡するトレーダーであろうと、国際金融市場の基礎知識と、それらがグローバルに接続された経済の中でどのように動作するかについての基礎知識を構築します。","Overview of Global Stock Exchanges","Understand the structure and working of major global stock exchanges like NYSE, NASDAQ, LSE, and more.","global exchanges, NYSE, international stock markets",,"1","999999","default","active","30.00","4950.00","235.50","0.00",NULL,NULL,NULL,"9",NULL,NULL,"6","Intermediate","中級","45","A","A",NULL,NULL
"66","Basics of Forex Trading","外国為替取引の基本","basics-forex-trading","Forex trading involves exchanging one currency for another in the global foreign exchange market, the largest financial market in the world. It operates 24 hours a day and is driven by macroeconomic events, central bank policies, geopolitical shifts, and global trade dynamics. Currency pairs like EUR/USD, USD/INR, and GBP/JPY are traded, with values fluctuating due to supply-demand changes. Forex trading uses leverage, which increases both potential profits and risks. This topic covers bid-ask spreads, pip values, lot sizes, margin requirements, and how economic indicators affect currency movements. Unlike stocks, forex has no centralized exchange and is conducted over-the-counter (OTC). Traders often use technical and fundamental analysis to predict price trends. Understanding major sessions (Asian, European, and US) and how they affect volatility is crucial. This course is a must for beginners looking to explore currency trading, risk management, and international diversification in their trading journey.","外国為替取引は、世界最大の金融市場である世界の外国為替市場で、ある通貨を別の通貨と交換することを含みます。 24時間営業しており、マクロ経済の出来事、中央銀行の政策、地政学的な変化、世界貿易のダイナミクスによって推進されています。 EUR/USD、USD/INR、GBP/JPYなどの通貨ペアが取引され、需給の変化により値が変動します。 外国為替取引は、潜在的な利益とリスクの両方を増加させるレバレッジを使用しています。 このトピックでは、bid-askスプレッド、pip値、ロットサイズ、証拠金要件、および経済指標が通貨の動きにどのように影響するかについて説明します。 株式とは異なり、外国為替には集中型の取引所がなく、店頭（OTC）で行われます。 トレーダーは、多くの場合、価格動向を予測するために、技術的および基本的な分析を使用します。 主要なセッション(アジア、ヨーロッパ、米国)と、それらがボラティリティにどのように影響するかを理解することは非常に重要です。 このコースは、彼らの取引の旅で通貨取引、リスク管理、および国際的な多様化を探求するために探している初心者のための絶対必要です。","Forex (foreign exchange) trading is the world’s largest and most liquid financial market. This course introduces beginners to the fundamentals of currency trading, including how currency pairs work (base/quote structure), pip value, leverage, and spread. You’ll learn about the major pairs (EUR/USD, USD/JPY), crosses, and exotic pairs. The course dives into the dynamics of the forex market—factors influencing price movement such as interest rates, inflation, central bank policies, and geopolitical news. You’ll also understand the role of brokers, different types of forex accounts, and trading platforms like MetaTrader 4/5. Practical sections include how to read forex charts, place trades, and manage risk using stop-loss and take-profit orders. We’ll also introduce simple strategies like breakout trading and moving average crossovers. This course is ideal for anyone wanting to explore the global currency market, whether as a speculative trader, hedger, or international investor.","外国為替（外国為替）取引は、世界最大かつ最も流動性の高い金融市場です。 このコースでは、通貨ペアがどのように機能するか（ベース/クォート構造）、ピップ値、レバレッジ、スプレッドなど、通貨取引の基礎を初心者に紹介します。 あなたは、主要なペア（EUR/USD、USD/JPY）、十字架、エキゾチックなペアについて学びます。 このコースでは、金利、インフレ、中央銀行の政策、地政学的ニュースなどの価格の動きに影響を与える要因である外国為替市場のダイナミクスに飛び込み また、ブローカー、さまざまな種類の外国為替口座、およびMetaTrader4/5のような取引プラットフォームの役割も理解できます。 実用的なセクションには、外国為替チャートの読み方、取引の配置、ストップロスとテイクプロフィット注文を使用したリスクの管理方法が含まれます。 また、ブレイクアウト取引や移動平均クロスオーバーなどの簡単な戦略も紹介します。 このコースは、投機的なトレーダー、ヘッジ業者、または国際的な投資家として、世界の通貨市場を探索したい人に最適です。","Beginner's Guide to Forex Trading","Learn how currency trading works in the forex market, from basic concepts to real trading examples.","forex trading basics, currency trading, forex guide",,"1","999999","default","active","32.00","5280.00","251.20","0.00",NULL,NULL,NULL,"9",NULL,NULL,"6","Intermediate","中級","44","A","A",NULL,NULL
"67","Currency Pair Analysis","通貨ペア分析","currency-pair-analysis","Currency pair analysis is the study of how two currencies interact, usually through technical and fundamental perspectives. Every forex trade involves a base and quote currency—for example, in USD/INR, USD is the base and INR the quote. This topic explores major, minor, and exotic pairs and how geopolitical events, interest rates, and economic data affect their movements. Traders analyze trends using chart patterns, support/resistance levels, and indicators like RSI, MACD, and Bollinger Bands. Fundamental factors like inflation, GDP growth, employment data, and monetary policy decisions are equally vital in assessing a currency’s strength. Understanding correlation between pairs (positive/negative) helps in risk balancing. The topic also covers volatility analysis and how to choose pairs suited for scalping, swing, or positional trading. This foundation is crucial for building forex strategies that align with market timing and risk preferences.","通貨ペア分析は、通常、技術的および基本的な視点を通じて、二つの通貨がどのように相互作用するかの研究です。 すべての外国為替取引には、基本通貨と見積もり通貨が含まれます-たとえば、USD/INRでは、USDがベースであり、inrが見積もりです。 このトピックでは、メジャー、マイナー、エキゾチックなペアと、地政学的事象、金利、経済データがその動きにどのように影響するかを探ります。 トレーダーは、チャートパターン、サポート/抵抗レベル、およびRSI、MACD、ボリンジャーバンドなどの指標を使用してトレンドを分析します。 インフレ、GDP成長率、雇用データ、金融政策決定などの基本的な要因は、通貨の強さを評価する上で同様に重要です。 ペア間の相関関係（正/負）を理解することは、リスクバランスをとるのに役立ちます。 このトピックでは、ボラティリティ分析と、スキャルピング、スイング、または位置取引に適したペアの選択方法についても説明します。 この基盤は、市場のタイミングとリスクの好みに合わせた外国為替戦略を構築するために重要です。","Successful forex trading requires a deep understanding of how currency pairs behave. This course teaches how to analyze and select pairs for trading based on fundamental and technical criteria. It begins with understanding the dynamics of major, minor, and exotic pairs, including how liquidity and volatility vary. We explore factors like interest rate differentials, central bank policies, economic indicators (GDP, inflation), and geopolitical risks. On the technical side, we delve into tools like relative strength analysis, correlation coefficients, and volatility mapping. You'll learn how to use indicators like ATR, Bollinger Bands, and pivot points to gauge the strength of a currency trend. Case studies compare pairs like USD/JPY vs GBP/USD to highlight how their reactions to news differ. You’ll also learn pair selection based on your strategy—whether it’s swing, scalping, or long-term carry trade. This course helps forex traders build a strong analytical foundation and improve decision-making in volatile global currency markets.","成功した外国為替取引は、通貨ペアがどのように動作するかを深く理解する必要があります。 このコースでは、基本的かつ技術的な基準に基づいて取引のためのペアを分析し、選択する方法を教えています。 それは、流動性とボラティリティがどのように変化するかを含む、メジャー、マイナー、およびエキゾチックなペアのダイナミクスを理解することから始 金利差、中央銀行の政策、経済指標（GDP、インフレ）、地政学的リスクなどの要因を探ります。 技術面では、相対強度分析、相関係数、ボラティリティマッピングなどのツールについて詳しく説明します。 ATR、ボリンジャーバンド、ピボットポイントなどの指標を使用して、通貨トレンドの強さを測定する方法を学びます。 ケーススタディは、USD/JPY対GBP/USDのようなペアを比較して、ニュースに対する反応がどのように異なるかを強調します。 また、あなたの戦略に基づいてペアの選択を学びます—それはスイング、スキャルピング、または長期的なキャリートレードだかどうか。 このコースは、外国為替トレーダーが強力な分析基盤を構築し、不安定な世界通貨市場での意思決定を改善するのに役立ちます。","How to Analyze Currency Pairs in Forex","Learn how to analyze currency pairs based on economic indicators, interest rate differentials, and technical trends.","forex pair analysis, EUR/USD, currency trading strategies",,"1","999999","default","active","34.00","5610.00","266.90","0.00",NULL,NULL,NULL,"9",NULL,NULL,"6","Intermediate","中級","40","A","A",NULL,NULL
"68","Gold, Oil & Commodity Trading","金-石油-商品取引","commodity-trading-gold-oil","Commodity trading involves buying and selling physical or derivative contracts of goods like gold, oil, silver, and agricultural products. These markets are influenced by supply-demand, geopolitical tensions, inflation expectations, and global economic trends. Gold is often seen as a safe-haven asset during uncertainty, while crude oil prices impact energy and transport sectors. Commodity prices are traded on exchanges like MCX (India) and COMEX (USA). This topic explores how to trade commodities using spot markets and futures contracts. Understanding margin requirements, lot sizes, and expiry dates is crucial. Traders also study inventory reports, OPEC decisions, and seasonal trends for insights. Commodity trading requires knowledge of global macros and is ideal for portfolio diversification. With increasing retail access through broker platforms, even individual traders can explore opportunities in commodities. This course helps beginners gain practical insight into how global resources are valued and traded.","商品取引には、金、石油、銀、農産物などの商品の物理的またはデリバティブ契約の売買が含まれます。 これらの市場は、需給、地政学的緊張、予想物価上昇率、世界経済の動向に影響されます。 原油価格はエネルギーや輸送部門に影響を与える一方で、金は、多くの場合、不確実性の間に安全な避難所の資産として見られています。 商品価格は、MCX（インド）やCOMEX（米国）のような取引所で取引されています。 このトピックでは、スポット市場と先物契約を使用して商品を取引する方法を探ります。 証拠金要件、ロットサイズ、および有効期限を理解することは非常に重要です。 トレーダーはまた、在庫レポート、OPECの決定、および季節的な傾向を分析して洞察を得ます。 商品取引は、グローバルマクロの知識を必要とし、ポートフォリオの多様化に最適です。 ブローカープラットフォームを介した小売アクセスの増加に伴い、個々のトレーダーでさえ商品の機会を探索することができます。 このコースは、初心者がグローバル資源がどのように評価され、取引されているかについての実用的な洞察を得るのに役立ちます。","Commodities like gold, crude oil, and agricultural goods offer traders unique opportunities due to their sensitivity to global events, inflation, and supply-demand cycles. This course introduces the basics of commodity markets, trading mechanisms, and fundamental drivers. You’ll learn how commodities are categorized (precious metals, energy, softs), and how their futures are traded on platforms like MCX and COMEX. The course explains what moves commodity prices—geopolitical conflicts, inventory levels, OPEC decisions, seasonal trends, and currency fluctuations. We'll also cover how to use commodities for hedging and portfolio diversification. You’ll gain practical skills in chart reading, volume interpretation, and spotting reversal patterns specific to commodities. Case studies include gold’s performance during inflationary periods and crude oil’s reaction to supply shocks. Risk management practices specific to high-volatility commodities are emphasized. This course suits anyone looking to add commodities to their trading mix or understand their macroeconomic significance.","金、原油、農産物などの商品は、世界的な出来事、インフレ、需給サイクルに対する感受性のために、トレーダーにユニークな機会を提供します。 このコースでは、商品市場の基礎、取引メカニズム、および基本的なドライバーを紹介します。 商品がどのように分類されているか（貴金属、エネルギー、軟質）、およびMCXやCOMEXなどのプラットフォームで先物がどのように取引されているかを学びます。 このコースでは、地政学的紛争、在庫水準、OPECの決定、季節的傾向、通貨変動など、商品価格を動かすものについて説明します。 また、ヘッジやポートフォリオの多様化のためのコモディティを使用する方法をカバーします。 チャートの読み取り、ボリュームの解釈、および商品に固有の反転パターンをスポッティングの実践的なスキルを得ることができます。 ケーススタディには、インフレ期の金のパフォーマンスと、供給ショックに対する原油の反応が含まれます。 高ボラティリティ商品に固有のリスク管理慣行が強調されています。 このコースは、取引ミックスに商品を追加したり、マクロ経済の重要性を理解したい人に適しています。","Introduction to Commodity Trading: Gold & Oil","A beginner-friendly guide to trading commodities like gold, oil, and metals in financial markets.","commodity trading, gold trading, oil trading",,"1","999999","default","active","36.00","5940.00","282.60","0.00",NULL,NULL,NULL,"9",NULL,NULL,"6","Intermediate","中級","42","A","A",NULL,NULL
"69","Understanding USD-INR Movement","USD-INRの動きを理解する","usd-inr-movement","The USD-INR currency pair is one of the most traded in India and serves as a benchmark for importers, exporters, and forex traders. Its movement reflects a complex interplay of domestic economic policies, inflation, interest rates, global crude prices, and geopolitical developments. This topic dives deep into how the Reserve Bank of India (RBI) intervenes to stabilize volatility and how foreign investments influence the exchange rate. Understanding factors like trade deficits, current account balances, and FII flows is crucial. Traders use both technical charts and fundamental data to analyze trends and plan trades. USD-INR movement also affects other markets like equities, commodities, and debt instruments, making it a key macroeconomic indicator. This course equips learners with skills to anticipate and interpret price fluctuations, helping in better hedging decisions or speculative opportunities in currency derivatives markets.","USD-INR通貨ペアは、インドで最も取引されている通貨の1つであり、輸入業者、輸出業者、および外国為替トレーダーのベンチマークとして機能します。 その動きは、国内の経済政策、インフレ、金利、世界の原油価格、地政学的動向の複雑な相互作用を反映しています。 このトピックでは、インド準備銀行（RBI）がボラティリティを安定させるためにどのように介入し、外国投資が為替レートにどのように影響するかに深く 貿易赤字、経常収支、FIIフローなどの要因を理解することは非常に重要です。 トレーダーは、トレンドを分析し、取引を計画するために、テクニカルチャートとファンダメンタルデータの両方を使用します。 USD-INRの動きは、株式、コモディティ、債務商品などの他の市場にも影響を与え、重要なマクロ経済指標となっています。 このコースでは、価格変動を予測し、解釈するスキルを学習者に提供し、通貨デリバティブ市場におけるより良いヘッジ決定や投機的な機会を支援します。","The USD-INR pair is one of the most watched currency exchanges in India. This course helps you understand what drives its movement and how it impacts importers, exporters, and traders. We begin with the basic concept of exchange rates, floating vs pegged systems, and the role of RBI in managing currency flow. You’ll explore the influence of trade balances, FDI/FII flows, inflation, interest rates, and global crude prices on USD-INR. The course covers how geopolitical risks, US Fed decisions, and India’s economic health affect the rupee’s strength or weakness. On the trading side, you’ll learn how to analyze USD-INR charts, use indicators, and trade USD-INR futures or options on NSE. We’ll also discuss hedging strategies for businesses exposed to forex volatility. This course is ideal for retail traders, finance professionals, and corporate treasurers looking to understand and manage currency risk in a globalized economy.","USD-INRのペアは、インドで最も注目されている通貨交換の1つです。 このコースでは、何がその動きを動かし、それが輸入業者、輸出業者、トレーダーにどのような影響を与えるかを理解するのに役立ちます。 まず、為替レートの基本的な概念、フローティング対ペッグシステム、および通貨フローを管理する上でのRBIの役割から始めます。 貿易収支、FDI/FIIフロー、インフレ率、金利、および世界の原油価格がUSD-INRに与える影響を探ります。 このコースでは、地政学的リスク、米国連邦準備制度理事会の決定、インドの経済健全性がルピーの強さまたは弱さにどのように影響するかをカバーしています。 取引面では、USD-INRチャートの分析、指標の使用、およびNSEでのUSD-INR先物またはオプションの取引方法を学びます。 また、外国為替のボラティリティにさらされている企業のヘッジ戦略についても説明します。 このコースは、グローバル化した経済における通貨リスクを理解し、管理するために探している小売トレーダー、金融の専門家、および企業会計に最適です。","What Drives USD-INR Currency Fluctuations","Discover the economic, geopolitical, and market factors that influence the USD-INR exchange rate.","USD INR, currency exchange, forex India",,"1","999999","default","active","38.00","6270.00","298.30","0.00",NULL,NULL,NULL,"9",NULL,NULL,"7","Intermediate","中級","50","A","A",NULL,NULL
"70","Global Economic Events","世界の経済イベント","global-economic-events","Global economic events such as interest rate decisions, inflation reports, geopolitical conflicts, central bank speeches, and trade agreements significantly impact financial markets. Events like the US Fed meeting, ECB policy announcements, or China's GDP report can cause volatility across stocks, commodities, and forex. This topic trains traders and investors to read economic calendars, anticipate market reactions, and adjust their positions accordingly. Understanding key reports like the US Non-Farm Payrolls, CPI, GDP, and FOMC minutes is essential. These events affect risk sentiment and liquidity worldwide. Traders learn to avoid overexposure during high-impact announcements and use protective strategies. This module is critical for those operating in global or high-leverage markets, where one event can trigger large movements. The ability to anticipate and interpret global economic news gives traders a significant advantage, especially when trading across markets that are interconnected by sentiment, flows, and expectations.","金利決定、インフレ報告、地政学的紛争、中央銀行の演説、貿易協定などの世界的な経済イベントは、金融市場に大きな影響を与えます。 米国連邦準備制度理事会、ECB政策発表、中国のGDP報告書などのイベントは、株式、商品、外国為替全体でボラティリティを引き起こす可能性があります。 このトピックでは、トレーダーと投資家が経済カレンダーを読み、市場の反応を予測し、それに応じてポジションを調整するように訓練します。 米国の非農業部門雇用者数、CPI、GDP、FOMCの議事録などの主要なレポートを理解することは不可欠です。 これらの事象は、世界中のリスクセンチメントと流動性に影響を与えます。 トレーダーは、影響の大きい発表の際に過度の露出を避け、保護戦略を使用することを学びます。 このモジュールは、1つのイベントが大きな動きを引き起こす可能性があるグローバル市場または高レバレッジ市場で事業を展開している人にとって重要です。 世界の経済ニュースを予測し解釈する能力は、特に感情、流れ、期待によって相互接続されている市場間で取引する場合、トレーダーに大きな利点を与えます。","Economic events across the globe significantly influence financial markets. This course explains the key events to watch and how they impact stocks, currencies, and commodities. We start by identifying major economic indicators like GDP releases, unemployment data, inflation numbers (CPI), interest rate decisions (by Fed, ECB, RBI), and central bank commentary. You’ll learn how events such as US Non-Farm Payroll, FOMC meetings, OPEC announcements, and geopolitical conflicts drive market volatility. The course teaches how to interpret economic calendars and position trades before and after high-impact news. Risk management during events—including stop placement, volatility buffers, and reduced sizing—is covered in detail. Real-time case studies will show how past events triggered major market movements. You’ll also learn how to build a strategy that aligns with macroeconomic sentiment, particularly useful for swing and positional traders. This course equips traders and investors to stay ahead of the curve in a news-sensitive environment.","世界中の経済イベントは、金融市場に大きな影響を与えます。 このコースでは、注目すべき重要なイベントと、それらが株式、通貨、商品にどのように影響するかを説明します。 まず、GDPの発表、失業データ、インフレ率（CPI）、金利決定（Frb、ECB、RBI）、中央銀行の解説などの主要な経済指標を特定することから始めます。 米国の非農業給与計算、FOMC会議、OPECの発表、地政学的紛争などのイベントが市場のボラティリティをどのように促進するかを学びます。 このコースでは、インパクトの高いニュースの前後に経済カレンダーとポジション取引を解釈する方法を教えています。 ストップの配置、ボラティリティバッファー、サイジングの削減など、イベント中のリスク管理について詳しく説明します。 リアルタイムのケーススタディでは、過去の出来事がどのように主要な市場の動きを引き起こしたかを示します。 また、マクロ経済のセンチメントに合わせた戦略を構築する方法を学びます,スイングと位置トレーダーのために特に有用. このコースは、ニュースに敏感な環境で先に曲線の滞在するトレーダーや投資家を装備しています。","Major Economic Events That Impact Markets","Explore global economic events like Fed decisions, inflation data, and geopolitical risks that move markets.","economic events, market impact, global economy",,"1","999999","default","active","40.00","6600.00","314.00","0.00",NULL,NULL,NULL,"9",NULL,NULL,"7","Intermediate","中級","52","A","A",NULL,NULL
"71","Trading News-based Volatility","取引ニュースベースのボラティリティ","trading-news-volatility","Trading around news events involves capitalizing on price volatility triggered by major economic or geopolitical updates such as interest rate decisions, GDP releases, employment data, or corporate earnings. This strategy requires a deep understanding of how markets interpret news, as well as the speed and direction of the resulting price action. Traders must stay informed using financial news feeds, economic calendars, and real-time data sources. Risk management is critical, as sharp moves can lead to quick gains or steep losses. Using limit orders, stop-losses, and position sizing strategies helps mitigate potential downsides. Many traders use algorithms or straddle strategies around high-impact events to hedge risk while attempting to profit from directional movement. Emotional control is essential since market reactions to news can be unpredictable and may lead to overtrading. Backtesting news-based strategies and reviewing past reactions help improve accuracy. This approach blends fundamental analysis with real-time tactical execution to exploit market inefficiencies.","ニュースイベントを中心とした取引には、金利決定、GDPリリース、雇用データ、企業収益などの主要な経済的または地政学的な更新によって引き起こされる価格のボラティリティを活用することが含まれます。 この戦略には、市場がニュースをどのように解釈するか、そして結果として生じる価格行動のスピードと方向性を深く理解する必要があります。 トレーダーは、金融ニュースフィード、経済カレンダー、およびリアルタイムのデータソースを使用して情報を入手する必要があります。 急激な動きは、迅速な利益や急な損失につながる可能性があるため、リスク管理は重要です。 指値注文、ストップロス、ポジションのサイジング戦略を使用することで、潜在的な欠点を軽減できます。 多くのトレーダーは、方向性のある動きから利益を得ようとしながら、リスクをヘッジするために、影響の大きいイベントの周りにアル 感情的な制御はニュースへの市場の反作用が予測不可能である場合もあり、overtradingの原因となるかもしれないので必要である。 ニュースベースの戦略をバックテストし、過去の反応を確認することは、精度を向上させるのに役立ちます。 このアプローチは、市場の非効率性を活用するために、基本的な分析とリアルタイムの戦術的な実行をブレンドします。","News-based volatility is one of the most dynamic and challenging aspects of trading. Traders often experience rapid price swings during economic releases, corporate earnings, or geopolitical developments. Events like central bank rate decisions, inflation data, and non-farm payrolls can drastically move markets within seconds. To manage this, traders must understand how to anticipate market reaction rather than just react to headlines. One popular strategy is the “fade the news” approach, where traders wait for the initial spike and then trade the reversal. Another is “breakout trading,” where positions are taken in the direction of a strong move. Proper risk management is vital; using stop-loss orders and smaller position sizes is essential due to potential slippage. Having an economic calendar helps prepare for expected volatility. Additionally, sentiment analysis tools can aid in assessing market expectations. Practicing on a demo account during high-volatility periods is also advisable for beginners. Ultimately, mastering news-based volatility takes time and discipline but can provide rewarding opportunities for experienced traders.","ニュースベースのボラティリティは、取引の最もダイナミックで挑戦的な側面の1つです。 トレーダーはしばしば、経済リリース、企業収益、または地政学的な発展の間に急速な価格変動を経験します。 中央銀行の金利決定、インフレデータ、非農業部門雇用者などのイベントは、数秒以内に市場を劇的に動かすことができます。 これを管理するには、トレーダーは単に見出しに反応するのではなく、市場の反応を予測する方法を理解する必要があります。 人気のある戦略の1つは、トレーダーが最初のスパイクを待ってから反転を取引する「フェード・ザ・ニュース」アプローチです。 もう1つは、ポジションが強い動きの方向に取られる「ブレイクアウト取引」です。 適切なリスク管理が不可欠であり、潜在的なスリッページのためにストップロス注文と小さなポジションサイズを使用することが不可欠です。 経済カレンダーを持つことは、予想されるボラティリティに備えるのに役立ちます。 さらに、センチメント分析ツールは、市場の期待を評価するのに役立ちます。 高ボラティリティ期間中にデモ口座で練習することは、初心者にもお勧めです。 最終的には、ニュースベースのボラティリティを習得するには時間と規律が必要ですが、経験豊富なトレーダーにはやりがいのある機会を提供できます。","How to Trade Market Volatility During News","Learn strategies to trade during high-impact news events and how to manage risk amid volatility.","news-based trading, volatility trading, economic announcements",,"1","999999","default","active","22.00","3630.00","172.70","0.00",NULL,NULL,NULL,"9",NULL,NULL,"6","Intermediate","中級","46","A","A",NULL,NULL
"72","Time Zone Based Strategy","タイムゾーンベースの戦略","time-zone-based-strategy","Financial markets around the world operate in different time zones, and this creates unique windows of opportunity for traders. The most volatile periods are often when time zones overlap, such as the London-New York session, when trading volume peaks. Time zone-based strategies involve aligning trading activity with periods of maximum liquidity and volatility to optimize entries and exits. Traders using this approach monitor market opens and closes, especially in forex, where global market timing significantly influences price movements. A common tactic is trading the Asian breakout or European session trend continuation. Understanding regional economic data schedules also helps anticipate movement. This strategy is particularly useful for day traders and scalpers who seek short-term opportunities. It’s important to adjust for daylight saving changes and know which assets are most active during which time slots. By mastering global market rhythms, traders can build predictable patterns into their decision-making process, enhancing precision and profitability.","世界中の金融市場は、異なるタイムゾーンで動作し、これはトレーダーのための機会のユニークな窓を作成します。 最も不安定な期間は、取引量がピークに達するロンドン-ニューヨークセッションなど、タイムゾーンが重なっている場合がよくあります。 タイムゾーンベースの戦略には、取引活動を最大の流動性とボラティリティの期間と調整して、入出金を最適化することが含まれます。 このアプローチを使用しているトレーダーは、特にグローバル市場のタイミングが価格の動きに大きく影響する外国為替で、市場の開閉を監視します。 一般的な戦術は、アジアのブレイクアウトやヨーロッパのセッションの傾向の継続を取引しています。 地域経済データのスケジュールを理解することは、動きを予測するのにも役立ちます。 この戦略は、短期的な機会を求めるデイトレーダーやダフ屋のために特に有用です。 夏時間の変更を調整し、どのアセットがどのタイムスロットで最もアクティブになっているかを知ることが重要です。 グローバル市場のリズムをマスターすることで、トレーダーは意思決定プロセスに予測可能なパターンを構築し、精度と収益性を向上させることができます。","Different financial markets operate during specific time zones. As a result, trading volume and volatility vary depending on the time of day. For example, the overlap between London and New York sessions in forex trading tends to show the highest liquidity. In Indian markets, the opening hours (9:15–10:30 AM) often show aggressive moves due to overnight global cues, while the closing hour (3:00–3:30 PM) is significant for institutional order flows. A time zone-based strategy involves aligning trade entries and exits with peak market activity windows. Traders may also focus on specific assets during their active hours — for instance, trading crude oil during U.S. market hours or EUR/USD during the European session. This strategy can help reduce noise and increase probability of trade success. Intraday traders often use volume profiles and volatility indicators during different hours to identify optimal trade setups. It's also essential to adjust for Daylight Saving Time changes across regions. By analyzing time-based behavior of instruments, traders can plan their approach with greater precision and efficiency.","異なる金融市場は、特定のタイムゾーンの間に動作します。 その結果、取引量とボラティリティは時間帯によって異なります。 たとえば、外国為替取引におけるロンドンとニューヨークのセッションの重複は、最も高い流動性を示す傾向があります。 インド市場では、営業時間（午前9時15分-午前10時30分）は、一晩のグローバルキューのために積極的な動きを示すことが多く、閉鎖時間（午後3時00分-午後3時30分）は制度的な注文フローにとって重要である。 タイムゾーンベースの戦略では、取引の入り口と出口をピークの市場活動の窓に合わせることが含まれます。 トレーダーはまた、アクティブな時間帯に特定の資産に焦点を当てることができます—例えば、米国の市場時間中に原油を取引したり、欧州セッション中にEUR/USD。 この戦略は、ノイズを低減し、貿易の成功の確率を高めることができます。 日中のトレーダーは、最適な取引設定を特定するために、異なる時間帯にボリュームプロファイルとボラティリティインジケーターを使用することがよくあります。 また、地域間で夏時間の変更を調整することも不可欠です。 限月の時間ベースの行動を分析することにより、トレーダーはより高い精度と効率でアプローチを計画することができます。","Time Zone Strategies in Trading","Optimize your trades by understanding how different market time zones affect volume and volatility.","market hours, time zone strategy, trading sessions",,"1","999999","default","active","24.00","3960.00","188.40","0.00",NULL,NULL,NULL,"9",NULL,NULL,"7","Intermediate","中級","48","A","A",NULL,NULL
"73","Taxes on Trading & Investing","取引と投資に関する税金","taxes-trading-investing","In India, trading and investing are taxed differently, and understanding the distinctions is crucial for financial planning. Short-term capital gains (STCG) apply to listed equity assets sold within 12 months and are taxed at 15%, while long-term capital gains (LTCG) beyond ₹1 lakh are taxed at 10% without indexation. In contrast, income from intraday trading, futures, and options is treated as business income, attracting tax based on your applicable slab or presumptive taxation under Section 44AD. Active traders may also be liable to pay advance tax quarterly. Filing the wrong income type can trigger scrutiny or penalties. Accurate recordkeeping of profits, losses, brokerage statements, and expense logs is essential. Traders should also consider the impact of GST on brokerage and compliance obligations. Hiring a tax consultant familiar with trading-specific norms can be helpful. By classifying activities accurately and planning deductions, traders and investors can manage liabilities efficiently and avoid compliance issues.","インドでは、取引と投資は異なって課税され、区別を理解することは財務計画のために重要です。 短期キャピタルゲイン（STCG）は12ヶ月以内に売却された上場株式資産に適用され、15％で課税されますが、long1lakhを超える長期キャピタルゲイン（LTCG）は索引付けなしで10％で課税されます。 対照的に、日中取引、先物、およびオプションからの収入は事業所得として扱われ、セクション44ADの下で適用されるスラブまたは推定課税に基づいて税 アクティブなトレーダーはまた、四半期ごとに前払い税を支払う義務があります。 間違った所得タイプを提出すると、精査や罰則が発生する可能性があります。 利益、損失、証券取引明細書、および経費ログの正確な記録管理が不可欠です。 トレーダーはまた、証券会社とコンプライアンス義務に対するGSTの影響を考慮する必要があります。 取引固有の規範に精通している税務コンサルタントを雇うことは役に立ちます。 活動を正確に分類し、控除を計画することにより、トレーダーと投資家は負債を効率的に管理し、コンプライアンスの問題を回避することができます。","Taxes play a crucial role in shaping net returns from trading and investing. In India, taxation differs based on the type of income: long-term capital gains (LTCG), short-term capital gains (STCG), business income, or speculative income. For listed equity shares held for more than 12 months, LTCG above ₹1 lakh is taxed at 10% without indexation. STCG (for holdings less than 12 months) is taxed at 15%. Intraday equity trades are classified as speculative income and taxed at slab rates. Futures and options are treated as business income and taxed accordingly. Taxpayers can claim expenses related to trading — such as brokerage, subscriptions, and research tools — against their business income. Correct categorization is crucial to avoid penalties. Record keeping of all transactions, contracts, and invoices is mandatory for accurate reporting. Understanding tax implications helps traders plan exits, reinvestments, and filings better. Consulting a tax advisor ensures compliance while maximizing allowable deductions.","税金は、取引や投資からの純利益を形成する上で重要な役割を果たしています。 インドでは、課税は所得の種類によって異なります：長期キャピタルゲイン（LTCG）、短期キャピタルゲイン（STCG）、事業所得、または投機的所得。 12ヶ月以上保有されている上場株式については、index1lakhを超えるLTCGは、索引付けなしで10％で課税されます。 STCG（12ヶ月未満の保有の場合）は15％で課税されます。 日中の株式取引は投機的所得に分類され、スラブレートで課税されます。 先物およびオプションは事業所得として扱われ、それに応じて課税されます。 納税者は、取引に関連する費用を請求することができます—仲介、サブスクリプション、および研究ツールなど—彼らの事業収入に対して。 ペナルティを避けるためには、正しい分類が重要です。 正確なレポートを作成するには、すべての取引、契約、および請求書の記録保持が必須です。 税務上の影響を理解することは、トレーダーが出口、再投資、および申請をより良く計画するのに役立ちます。 税務顧問に相談することで、許容控除額を最大化しながらコンプライアンスを保証します。","Taxation Rules for Traders & Investors in India","Learn how capital gains and business income from trading and investing are taxed under Indian law.","taxes on trading, capital gains tax, income tax trading",,"1","999999","default","active","26.00","4290.00","204.10","0.00",NULL,NULL,NULL,"10",NULL,NULL,"5","Beginner","ビギナー","38","A","A",NULL,NULL
"74","Capital Gains vs Business Income","キャピタルゲイン対ビジネス収入","capital-gains-vs-business-income","Determining whether your market earnings qualify as capital gains or business income depends on the frequency, volume, and intent of trading activity. Investors typically hold stocks for long-term appreciation, and their profits are taxed under capital gains — either short-term or long-term, depending on the holding period. On the other hand, if you frequently trade, especially in derivatives (F&O) or intraday equities, your income is treated as business income. Business income is taxed according to your tax slab or presumptively under Section 44AD. This also means you're eligible to deduct expenses like internet costs, advisory fees, and software subscriptions. However, business income may require audit if your turnover exceeds prescribed thresholds or you declare losses. Misclassifying your trading type can lead to tax notices and penalties. Therefore, understanding the nature of your activity, maintaining trade records, and consulting a tax advisor ensures correct classification, optimized tax liability, and smooth ITR filing.","市場収益がキャピタルゲインまたはビジネス収益として適格かどうかを判断することは、取引活動の頻度、量、および意図に依存します。 投資家は通常、長期的な感謝のために株式を保有し、その利益は、保有期間に応じて短期または長期のキャピタルゲインの下で課税されます。 一方、特にデリバティブ（F＆O）または日中の株式で頻繁に取引する場合、あなたの収入は事業収入として扱われます。 事業所得は、あなたの税スラブに従って、またはセクション44ADの下で推定的に課税されます。 これはまた、あなたがインターネットコスト、顧問料、およびソフトウェアのサブスクリプションなどの費用を控除する資格があることを意味します。 ただし、売上高が所定のしきい値を超えた場合、または損失を宣言した場合は、事業収入が監査を必要とする場合があります。 あなたの取引タイプを誤分類すると、税務上の通知や罰則につながる可能性があります。 したがって、あなたの活動の性質を理解し、貿易記録を維持し、税務顧問に相談することは、正しい分類、最適化された納税義務、および円滑なITRファイリングを保証します。","In trading and investing, income classification as capital gains or business income has significant tax implications. Capital gains arise from sale of capital assets like shares and mutual funds. If held for more than a year, they are long-term gains; otherwise, short-term. Business income typically comes from frequent and large-volume trading — such as intraday trades, derivatives, or speculative positions. The classification depends on factors like trade volume, intent, holding period, and source of livelihood. While capital gains enjoy favorable tax treatment and simple reporting, business income is taxed at slab rates and allows for expense deductions. For traders, especially those in F&O, reporting as business income is mandatory. This classification also determines the need for maintaining books of accounts, GST compliance, and audit requirements. Misclassification can lead to scrutiny by the Income Tax Department. Traders should assess their trading style annually and consult a tax expert to ensure the right classification is chosen for returns filing.","取引や投資では、キャピタルゲインや事業所得としての所得分類は、重要な税務上の影響を持っています。 キャピタルゲインは、株式や投資信託などの資本資産の売却から生じる。 年以上のために開催された場合,彼らは長期的な利益です;それ以外の場合,短期的な. ビジネス収入は、通常、日中の取引、デリバティブ、投機的なポジションなど、頻繁かつ大量の取引から来ています。 分類は、貿易量、意図、保有期間、生計の源泉などの要因に依存します。 キャピタルゲインは有利な税務処理と簡単な報告を享受していますが、事業所得はスラブレートで課税され、費用控除が可能です。 トレーダー、特にF＆Oのトレーダーにとって、事業収入としての報告は必須です。 また、この分類によって、会計帳簿、GSTコンプライアンス、および監査要件を維持する必要性も決定されます。 誤分類は、所得税部門による精査につながる可能性があります。 トレーダーは、毎年自分の取引スタイルを評価し、右の分類が申告のために選択されていることを確認するために税務専門家に相談する必要があります。","Capital Gains vs Business Income in Trading","Understand the difference between capital gains and business income and how they affect your tax liability.","capital gains, business income, stock trading tax",,"1","999999","default","active","28.00","4620.00","219.80","0.00",NULL,NULL,NULL,"10",NULL,NULL,"5","Beginner","ビギナー","36","A","A",NULL,NULL
"75","Filing ITR for Traders","トレーダーのためのITRの提出","filing-itr-traders","Filing Income Tax Returns (ITR) as a trader depends on your trading type. Intraday and F&O traders must file ITR-3 for business income, while long-term investors file ITR-2. If you opt for presumptive taxation (Section 44AD) for F&O, ITR-4 can be used. Accurate bookkeeping is essential, including brokerage statements, trade logs, and P&L reports. You must also declare turnover, which in trading is calculated differently — using the absolute value of profit and loss. If turnover exceeds ₹1 crore (or ₹10 crore with digital transactions), or if you declare a loss without opting for presumptive tax, audit under Section 44AB becomes mandatory. Advance tax payments apply if your liability exceeds ₹10,000 annually. Timely filing avoids penalties and tax scrutiny. Trading-related expenses like software, advisory fees, and internet costs may be deducted under business income. Professional help ensures correct classification, deductions, and compliance with dynamic tax norms specific to traders.","トレーダーとして所得税申告書（ITR）を提出することは、あなたの取引の種類に依存します。 日中およびF&Oトレーダーは事業収入のためにITR-3を提出しなければならず、長期投資家はITR-2を提出しなければならない。 F＆Oの推定課税（セクション44AD）を選択した場合は、ITR-4を使用できます。 正確な簿記は仲介の声明、貿易丸太およびP&Lのレポートを含んで、必要である。 また、利益と損失の絶対値を使用して、取引では異なる方法で計算される売上高を宣言する必要があります。 売上高が₹1crore（またはデジタル取引で₹10crore）を超える場合、または推定税を選択せずに損失を宣言した場合、セクション44ABの下での監査が必須になり あなたの責任が年間₹10,000を超える場合は、事前の納税が適用されます。 タイムリーなファイリングは、罰則と税の精査を回避します。 ソフトウェア、顧問料、インターネットコストなどの取引関連の費用は、事業収入の下で控除することができます。 専門家の助けにより、正しい分類、控除、およびトレーダーに固有の動的な税務基準の遵守が保証されます。","Traders need to file their Income Tax Returns (ITR) carefully based on the nature of income. Intraday traders and F&O traders generally file under ITR-3, reporting income as business income. Investors with capital gains can file under ITR-2. Accurate computation of turnover, profit, and allowable expenses is essential. Audit under Section 44AB is mandatory if turnover exceeds ₹10 crore (or ₹1 crore if digital transactions are less than 95%). Taxpayers opting for presumptive taxation under Section 44AD can declare 6–8% of turnover as income to simplify filing. However, this is not allowed for speculative income (like intraday equity). Traders must maintain proper records of all trades, expenses, and bank statements. Losses — business or capital — must be reported if carried forward for future set-offs. Filing within due dates avoids penalties and ensures refund claims are processed. Many traders also use CA services or tax filing platforms to ensure accuracy. Correctly filed ITR provides legal compliance and peace of mind.","トレーダーは、所得の性質に基づいて所得税申告書（ITR）を慎重に提出する必要があります。 日中のトレーダーとF&Oトレーダーは、一般的にITR-3の下でファイルし、収入を事業収入として報告します。 キャピタルゲインを持つ投資家は、ITR-2の下でファイルすることができます。 売上高、利益、および許容費用の正確な計算が不可欠です。 売上高が₹10crore（またはデジタル取引が95％未満の場合は1 1crore）を超える場合、セクション44ABに基づく監査は必須です。 セクション44ADの下で推定課税を選択する納税者は、申告を簡素化するために収入として売上高の6-8％を宣言することができます。 ただし、これは投機的な収入（日中の株式のような）には許可されていません。 トレーダーは、すべての取引、費用、および銀行取引明細書の適切な記録を維持する必要があります。 損失-事業または資本—は、将来のセットオフのために繰り越された場合に報告する必要があります。 期限内に提出すると、罰則が回避され、払い戻し請求が処理されることが保証されます。 多くのトレーダーは、正確性を確保するためにCAサービスや税務申告プラットフォームも使用しています。 正しく提出されたITRは、法令遵守と心の平和を提供します。","How to File Income Tax Returns as a Trader","Step-by-step process to file ITR for intraday, delivery-based traders, and F&O participants in India.","ITR for traders, income tax trading, stock trader ITR",,"1","999999","default","active","30.00","4950.00","235.50","0.00",NULL,NULL,NULL,"10",NULL,NULL,"4","Beginner","ビギナー","32","A","A",NULL,NULL
"76","Audit Rules for Stock Traders","株式トレーダーのための監査ルール","audit-rules-stock-traders","For stock and derivatives traders, audit rules under Indian tax law depend on your trading turnover and profit declarations. If your total turnover exceeds ₹1 crore (or ₹10 crore in fully digital transactions), or if you declare a loss or profit below 6% and don’t opt for presumptive taxation under Section 44AD, audit becomes mandatory. Turnover is calculated differently in trading: for F&O, it's the sum of absolute profits/losses; for intraday equity, it includes both sides of trades. Many traders miss these nuances, leading to non-compliance. Audit entails maintaining books of account, profit & loss statements, and getting them verified by a Chartered Accountant (CA). Non-audited returns in audit-applicable cases can trigger penalties up to ₹1.5 lakh. Early tax planning, maintaining digital records, and using accounting tools specific to traders can simplify compliance. Understanding audit thresholds helps traders stay within the law, reduce future complications, and build financial credibility with institutions.","株式およびデリバティブトレーダーの場合、インドの税法に基づく監査規則は、取引の売上高と利益宣言に依存します。 総売上高が₹1crore（または完全デジタル取引では1 10crore）を超える場合、または6％未満の損失または利益を宣言し、セクション44ADの下で推定課税を選択しない場合は、監査が必須になります。 売上高は、取引で異なって計算されます：F＆Oのために、それは絶対的な利益/損失の合計です;日中の株式のために、それは取引の両側が含まれています。 多くのトレーダーはこれらのニュアンスを逃し、不適合につながります。 監査には、会計帳簿、損益計算書を維持し、公認会計士（CA）によって検証されることが必要です。 監査対象のケースでの監査されていない返品は、最大penalties1.5lakhの罰則を引き起こす可能性があります。 早期の税務計画、デジタル記録の維持、トレーダー固有の会計ツールの使用により、コンプライアンスを簡素化できます。 監査のしきい値を理解することは、トレーダーが法律の範囲内にとどまり、将来の複雑さを減らし、機関との財務的信頼性を構築するのに役立ちます。","Audit requirements for stock traders are governed by turnover and profit reporting rules. If total turnover from trading (sum of profit and loss from all trades) exceeds ₹10 crore, an audit is mandatory. Even below this, if profit declared is less than 6% (or 8%) of turnover and total income exceeds basic exemption, audit becomes applicable. Intraday and F&O trades are treated as business transactions, and speculative income must also be reported. Traders under presumptive taxation may avoid audit if conditions are met. Books of account including ledgers, contract notes, and expense vouchers should be maintained for audit purposes. Audits must be done by a Chartered Accountant and filed along with Form 3CD. Filing audited returns late invites penalties up to ₹1.5 lakh. Early planning helps avoid last-minute CA rush. Many traders opt for audit even when not mandatory for transparency, loan eligibility, and seamless compliance. Regular consultation with a tax professional ensures audit readiness.","株式トレーダーの監査要件は、売上高と利益報告ルールによって管理されます。 取引からの総売上高（すべての取引からの利益と損失の合計）がexceeds10croreを超える場合、監査は必須です。 これ以下であっても、申告された利益が売上高の6％（または8％）未満であり、総収入が基本免除を超える場合は、監査が適用されます。 日中およびF&O取引はビジネス取引として扱われ、投機的な収入も報告されなければなりません。 推定課税の下でトレーダーは、条件が満たされている場合、監査を避けることができます。 元帳、契約書、および経費伝票を含む会計帳簿は、監査目的で維持する必要があります。 監査は公認会計士によって行われ、フォーム3CDと一緒に提出する必要があります。 監査されたリターンを遅く提出すると、penalties1.5lakhまでの罰則が科せられます。 早い計画は土壇場のCAの突進を避けるのを助ける。 多くのトレーダーは、透明性、ローンの適格性、シームレスなコンプライアンスのために必須ではない場合でも、監査を選択します。 税務専門家との定期的な相談は、監査の準備を保証します。","When Do Stock Traders Need a Tax Audit?","Know the audit requirements, turnover limits, and tax rules for professional stock traders in India.","audit for traders, trading turnover audit, tax audit limits",,"1","999999","default","active","32.00","5280.00","251.20","0.00",NULL,NULL,NULL,"10",NULL,NULL,"5","Beginner","ビギナー","38","A","A",NULL,NULL
"77","Understanding GST & Brokerage Charges","GSTと仲介手数料を理解する","gst-brokerage-charges","When trading in the Indian stock market, various charges apply on each transaction. These include brokerage fees, Securities Transaction Tax (STT), SEBI turnover fees, stamp duty, and Goods & Services Tax (GST). GST is levied at 18% on brokerage and exchange transaction charges—not on the full trade value. For active traders, especially those in F&O, these charges can accumulate significantly and reduce net profitability. It’s essential to understand which components are fixed and which are variable. STT is not deductible under business expenses, but brokerage and GST are, if trading is considered a business. By analyzing contract notes from brokers, traders can identify exact cost breakdowns. Maintaining a log of these expenses is crucial for tax deductions and net P&L accuracy. Selecting brokers with low brokerage slabs, flat-fee models, or discount brokerage plans can help reduce transaction costs. Understanding the tax and charge structure ensures better trade evaluation and compliance.","インドの株式市場で取引する場合、各取引にはさまざまな料金が適用されます。 これらには、仲介手数料、証券取引税（STT）、SEBI売上高手数料、印紙税、および商品＆サービス税（GST）が含まれます。 GSTは、完全な取引価値ではなく、仲介手数料および取引手数料に対して18％で徴収されます。 アクティブなトレーダー、特にF&Oのトレーダーにとって、これらの料金は大幅に蓄積され、純収益性を低下させる可能性があります。 どのコンポーネントが固定され、どのコンポーネントが可変であるかを理解することが不可欠です。 STTは事業費の下で控除されませんが、取引がビジネスと見なされる場合、証券会社とGSTは控除されます。 ブローカーからの契約ノートを分析することにより、トレーダーは正確なコストの内訳を識別することができます。 これらの費用のログを維持することは、税額控除と正味損益の正確さのために重要です。 低仲介スラブ、定額モデル、または割引仲介プランを持つブローカーを選択すると、取引コストを削減するのに役立ちます。 税金と料金の構造を理解することで、より良い貿易評価とコンプライアンスが保証されます。","GST is applicable on brokerage and transaction charges in trading. While securities themselves are not under GST, the services around them are. Brokers charge 18% GST on their brokerage fees. For example, if brokerage is ₹20 per trade, ₹3.60 will be added as GST. Transaction charges, SEBI fees, and exchange fees also attract GST, which increases the effective trading cost. F&O traders may be required to register under GST if their income exceeds ₹20 lakh (or ₹10 lakh in some states). However, since securities are excluded from GST’s ambit, most traders don’t need to collect or remit GST on profits. It’s essential to check monthly contract notes for accuracy. High-frequency traders should include brokerage and GST in their cost structure while calculating net profits. Understanding this breakup helps identify areas to reduce cost — like using discount brokers. GST on brokerage can also be claimed as business expense under income tax returns if the trader is under business income classification.","GSTは、取引における仲介手数料および取引手数料に適用されます。 証券自体はGSTの下にはありませんが、それらの周りのサービスはそうです。 ブローカーは、仲介手数料に18％のGSTを請求します。 たとえば、仲介手数料が取引ごとにtrade20の場合、G3.60はGSTとして追加されます。 取引手数料、SEBI手数料、および交換手数料もgstを引き付け、効果的な取引コストを増加させます。 F＆Oトレーダーは、収入がexceeds20lakh（または一部の州では₹10lakh）を超える場合、GSTの下で登録する必要があります。 しかし、有価証券はGSTの範囲から除外されているため、ほとんどのトレーダーは利益に対してGSTを徴収または送金する必要はありません。 毎月の契約書の正確性を確認することが不可欠です。 高頻度のトレーダーは、純利益を計算しながら、コスト構造に証券会社とGSTを含める必要があります。 この分裂を理解することは割引仲介商を使用することのような費用を削減するために区域を識別するのを助ける。 トレーダーが事業所得分類の下にある場合、証券会社のGSTはまた、所得税申告の下で事業費として請求することができます。","GST and Brokerage Charges in Stock Trading","A detailed breakdown of GST applicability, brokerage, and transaction charges in stock trading.","GST on trading, brokerage fees, trading costs India",,"1","999999","default","active","34.00","5610.00","266.90","0.00",NULL,NULL,NULL,"10",NULL,NULL,"5","Beginner","ビギナー","40","A","A",NULL,NULL
"78","Setting Up a Trading Business","取引事業の立ち上げ","setting-up-trading-business","Converting personal trading into a formal business can offer tax planning, credibility, and scalability benefits. To set up, traders can choose from structures like sole proprietorship, partnership, LLP, or private limited company. A trading business allows expense deductions such as internet, office rent, trading tools, and advisory subscriptions. PAN, TAN, GST (optional for equity), and a current account are part of the setup. This formalization also makes it easier to raise funds, apply for business credit cards, or lease office space. Bookkeeping must be meticulous — tracking trades, turnover, charges, and taxes. You’ll file ITR-3 (or ITR-4 under presumptive), and audit may apply based on turnover or loss declarations. Professional tax consultants can assist in structuring your business optimally. Setting up a trading business is ideal for full-time traders and algo traders aiming for long-term growth, compliance, and better access to financial services. It adds structure and legitimacy to market participation.","個人的な取引を正式なビジネスに変換することは、税務計画、信頼性、およびスケーラビリティの利点を提供することができます。 設定するには、トレーダーは、個人事業主、パートナーシップ、LLP、または民間有限会社のような構造から選択することができます。 取引ビジネスは、インターネット、オフィスの家賃、取引ツール、およびアドバイザリーサブスクリプションなどの費用控除を可能にします。 PAN、TAN、GST（株式の場合はオプション）、および当座勘定は設定の一部です。 この形式化はまた、資金を調達したり、ビジネスクレジットカードを申請したり、オフィススペースをリースしたりすることを容易にします。 簿記は細心でなければなりません-取引、売上高、料金、および税金を追跡します。 あなたはITR-3（または推定下のITR-4）を提出し、売上高または損失申告に基づいて監査が適用される場合があります。 専門の税のコンサルタントはあなたのビジネスを最上に構成することで助けることができる。 取引ビジネスを設立することは、長期的な成長、コンプライアンス、および金融サービスへのより良いアクセスを目指すフルタイムのトレーダーやアルゴトレーダーにとって理想的です。 これは、市場参加に構造と正当性を追加します。","Many full-time traders eventually formalize their activity into a trading business to avail tax benefits, streamline operations, and build credibility. This involves registering as a sole proprietorship, partnership, or LLP. Opening a current account and maintaining books of accounts is the first step. Traders can claim business-related expenses such as internet, research tools, subscriptions, and rent. A GST registration may not be necessary unless involved in advisory or training services. A trading business structure also helps in credit access, business loans, and investor partnerships. Using software like Tally or QuickBooks helps manage ledgers, P&L, and balance sheets. Traders must also register with exchanges or brokers as a proprietary trader if using large volumes. Maintaining trading journal, client documentation (if managing others’ money), and compliance records ensures the business remains audit-ready. Structuring your trades under a registered business brings professionalism, legal clarity, and long-term growth opportunity for serious traders.","多くのフルタイムのトレーダーは、最終的に税務上の利益を利用し、業務を合理化し、信頼性を構築するために取引事業に彼らの活動を正式化します。 これには、個人事業主、パートナーシップ、またはLLPとしての登録が含まれます。 当座預金口座を開設し、会計帳簿を維持することが最初のステップです。 トレーダーは、インターネット、研究ツール、購読、家賃などのビジネス関連の費用を請求することができます。 アドバイザリーやトレーニングサービスに関与していない限り、GST登録は必要ない場合があります。 取引事業構造は、クレジットアクセス、ビジネスローン、投資家パートナーシップにも役立ちます。 TallyやQuickBooksなどのソフトウェアを使用すると、元帳、損益、貸借対照表を管理するのに役立ちます。 トレーダーはまた、大量を使用する場合は、取引所またはブローカーに独自のトレーダーとして登録する必要があります。 取引ジャーナル、クライアント文書（他人のお金を管理する場合）、およびコンプライアンスレコードを維持することで、ビジネスが監査 登録されたビジネスの下であなたの取引を構造化することは、プロ意識、法的明快さ、および深刻なトレーダーのための長期的な成長の機会をもたら","Start Your Own Trading Business in India","Learn how to register, structure, and run a proprietary or partnership trading business professionally.","trading business setup, trading firm, trading registration",,"1","999999","default","active","36.00","5940.00","282.60","0.00",NULL,NULL,NULL,"10",NULL,NULL,"6","Beginner","ビギナー","44","A","A",NULL,NULL
"79","Trading Account Compliance","取引口座のコンプライアンス","trading-account-compliance","Maintaining a compliant trading account is vital to avoid regulatory issues and ensure seamless operation. Compliance begins with completing KYC, PAN-Aadhaar linking, and adding nominee details. Periodic re-KYC, address verification, and mobile/email verification are often required by brokers. Under SEBI norms, trading and demat accounts must follow the pledge-repledge system for margin, which replaced the earlier power of attorney method. Ensuring accurate bank account linkage, avoiding misuse of margin facilities, and maintaining trade logs are also part of responsible trading. If inactive for a period, your account may be frozen until reactivation formalities are done. Brokers may ask for risk profile updates annually. For high-volume or F&O traders, ensuring proper tax classification and turnover declaration is also part of compliance. Any insider trading activity, non-disclosure of holdings, or market manipulation can attract SEBI scrutiny. Being compliant builds trust with brokers and regulators, while ensuring long-term sustainability and freedom from legal trouble.","規制上の問題を回避し、シームレスな運用を確保するためには、準拠した取引口座を維持することが不可欠です。 コンプライアンスは、KYCの完了、PAN-Aadhaarリンク、および候補者の詳細を追加することから始まります。 定期的な再KYC、アドレスの確認、およびモバイル/電子メールの確認は、多くの場合、ブローカーによって必要とされています。 SEBIの規範の下では、取引口座とdemat口座は、以前の委任状の方法に取って代わった証拠金のための誓約-repledgeシステムに従わなければなりません。 正確な銀行口座の連携を確保し、証拠金機能の誤用を回避し、取引ログを維持することも、責任ある取引の一部です。 一定期間非アクティブになった場合、再アクティブ化の手続きが完了するまでアカウントが凍結される可能性があります。 ブローカーは毎年リスクプロファイルの更新を求めることができます。 大量またはF&Oトレーダーにとって、適切な税務分類と売上高申告を確実にすることもコンプライアンスの一部です。 インサイダー取引、保有の非開示、または市場操作は、SEBIの精査を引き付けることができます。 コンプライアンスを遵守することで、ブローカーや規制当局との信頼が構築され、長期的な持続可能性と法的トラブルからの自由が確保されます。","Trading accounts in India must comply with SEBI and exchange regulations. This includes submitting KYC documents like PAN, Aadhaar, and bank details. Brokers require margin documentation for F&O segments. Regular e-signing of PoA (Power of Attorney) and pledge instructions are mandatory after SEBI's new margin norms. Traders must ensure timely settlement of dues, monitor SMS/email alerts for unauthorized activity, and avoid misuse of account for third-party transactions. Non-compliance can result in account suspension or penalties. It is also advised to review contract notes daily to verify trades. Annual compliance like updating FATCA/CRS declarations and nominee details is also necessary. Traders operating under HUF, company, or LLP accounts must adhere to additional documentation. Recordkeeping of trade logs, tax filings, and demat statements is essential for audits and disputes. Understanding and following all compliance requirements reduces legal risks and builds trust with brokers and regulators.","インドの取引口座は、SEBIおよび取引所の規制に準拠している必要があります。 これには、PAN、Aadhaar、銀行の詳細などのKYC文書の提出が含まれます。 ブローカーは、F&Oセグメントの証拠金文書を必要とします。 POA（委任状）と誓約指示の定期的な電子署名は、SEBIの新しいマージン規範の後に必須です。 トレーダーは、会費のタイムリーな決済を確保し、不正な活動のためのSMS/電子メールアラートを監視し、サードパーティの取引のためのアカウントの誤用を避 コンプライアンスを遵守しないと、アカウントの停止や罰則が発生する可能性があります。 また、取引を確認するために毎日契約ノートを確認することをお勧めします。 Fatca/CRS宣言の更新や候補者の詳細の更新など、毎年のコンプライアンスも必要です。 HUF、company、またはLLP口座の下で営業しているトレーダーは、追加の文書に従わなければなりません。 取引ログ、税務申告、およびdematステートメントの記録管理は、監査および紛争に不可欠です。 すべてのコンプライアンス要件を理解し、それに従うことで、法的リスクが軽減され、ブローカーや規制当局との信頼が構築されます。","Compliance Requirements for Trading Accounts","Understand KYC, AML, and regulatory requirements for maintaining trading accounts in India.","trading compliance, KYC trading, SEBI guidelines",,"1","999999","default","active","38.00","6270.00","298.30","0.00",NULL,NULL,NULL,"10",NULL,NULL,"5","Beginner","ビギナー","36","A","A",NULL,NULL
"80","Insider Trading & Ethical Practices","インサイダー取引と倫理的慣行","insider-trading-ethics","Insider trading refers to using unpublished price-sensitive information (UPSI) to make profits in financial markets. In India, this is prohibited under SEBI’s Prohibition of Insider Trading Regulations. It applies to company employees, auditors, promoters, and anyone with privileged access to non-public information. Trading based on such knowledge—like earnings leaks, M&A info, or board decisions—without public disclosure is illegal. Violations can lead to hefty penalties, trading bans, and even imprisonment. Ethical trading goes beyond legality. It involves transparency, not front-running client orders, and following market conduct rules. Retail traders must ensure they're not part of tip-based WhatsApp groups or using information from unverified sources. Institutions must maintain structured information-sharing protocols. Reporting UPSI misuse and maintaining a trading window policy for employees is essential for listed entities. Ethical practices enhance market integrity, reduce volatility caused by manipulation, and foster investor trust. Traders should prioritize compliance, disclosure, and ethics for sustainable long-term success.","インサイダー取引とは、金融市場で利益を上げるために未発表の価格に敏感な情報（UPSI）を使用することを指します。 インドでは、これはSEBIのインサイダー取引規制の禁止の下で禁止されています。 これは、会社の従業員、監査役、プロモーター、および非公開情報への特権アクセス権を持つすべての人に適用されます。 利益漏洩、M&a情報、取締役会の決定などの知識に基づいて取引することは、一般に公開されていないことは違法です。 違反は、多額の罰則、取引禁止、さらには投獄につながる可能性があります。 倫理的な取引は合法性を超えています。 これには、フロントランニングクライアントの注文ではなく、透明性と市場行動規則に従うことが含まれます。 小売業者は、チップベースのWhatsAppグループの一部ではないこと、または未確認のソースからの情報を使用していないことを確認する必要があります。 機関は構造化された情報共有プロトコルを維持しなければならない。 UPSIの誤用を報告し、従業員のための取引ウィンドウポリシーを維持することは、上場企業にとって不可欠です。 倫理的慣行は、市場の完全性を高め、操作によって引き起こされるボラティリティを減らし、投資家の信頼を促進します。 トレーダーは、持続可能な長期的な成功のために、コンプライアンス、開示、倫理を優先する必要があります。","Insider trading refers to buying or selling of securities by someone with access to unpublished price-sensitive information (UPSI). SEBI strictly prohibits this and imposes heavy penalties. Ethical trading involves adhering to laws, fair play, and transparency in transactions. Analysts, company insiders, and employees must follow strict disclosure norms. Traders must avoid acting on tips or private company data not available in the public domain. Corporates must maintain insider trading policies and trading windows. Ethical trading also involves avoiding pump-and-dump schemes, spoofing, or market manipulation. For retail traders, this means verifying news sources, not acting on WhatsApp groups or unverified tips, and avoiding conflicts of interest. SEBI has a surveillance system to track unusual trades linked to UPSI. Ethical behavior builds a trustworthy market ecosystem. Even for algo traders, using clean data and documented logic ensures fairness. Following ethical practices not only keeps you compliant but also helps build a sustainable trading career without legal troubles.","インサイダー取引とは、未公開の価格に敏感な情報（UPSI）にアクセスできる人による有価証券の売買を指します。 SEBIはこれを厳しく禁止し、重い罰則を課します。 倫理的な取引には、法律、フェアプレー、取引の透明性を遵守することが含まれます。 アナリスト、社内関係者、および従業員は、厳格な開示基準に従わなければなりません。 トレーダーは、パブリックドメインでは利用できないヒントや民間企業のデータに基づいて行動することを避けなければなりません。 企業はインサイダー取引ポリシーと取引ウィンドウを維持しなければなりません。 倫理的な取引には、ポンプアンドダンプスキーム、スプーフィング、または市場操作を回避することも含まれます。 小売業者にとって、これはニュースソースを検証し、WhatsAppグループや未確認のヒントに作用せず、利益相反を回避することを意味します。 SEBIには、UPSIにリンクされた異常な取引を追跡する監視システムがあります。 倫理的行動は、信頼できる市場エコシステムを構築します。 アルゴトレーダーにとっても、クリーンなデータと文書化されたロジックを使用することで公平性が保証されます。 倫理的な慣行に従うことは、あなたが準拠し続けるだけでなく、法的な問題なしに持続可能な取引のキャリアを構築するのに役立ちます。","What is Insider Trading & Market Ethics","Learn the definition, examples, and laws around insider trading and how to stay compliant ethically.","insider trading India, SEBI insider norms, ethical trading",,"1","999999","default","active","40.00","6600.00","314.00","0.00",NULL,NULL,NULL,"10",NULL,NULL,"5","Beginner","ビギナー","38","A","A",NULL,NULL
